link,name,adr,price
https://www.reality.sk//byty/unikatny-byt-v-centre-pri-parku-3-izb-107m2-terasa-garazove-statie/JuXPQp05KDT/,"Unikátny byt v centre pri parku, 3-izb, 107m2, terasa, garážové státie", Bratislava-Staré Mesto  Dunajská,
https://www.reality.sk//byty/novostavba-toskana-vrakuna-dvojdomy-juzanskeho-typu-typ-domu-6-ba-ii-vrakuna-magnoliova/JuTpTJbsV6UF/,"NOVOSTAVBA - TOSKANA VRAKUŇA, DVOJDOMY JUŽANSKÉHO TYPU- TYP DOMU 6, BA II. Vrakuňa, Magnóliová", Bratislava-Ružinov  Magnóliová,349 000 
https://www.reality.sk//byty/stare-mesto-tehlovy-3izb-byt-vhodny-aj-na-podnikanie-ul-prazska/Jug57GRoZi-/,"STARÉ MESTO - Tehlový 3izb. byt vhodný aj na podnikanie, ul. Pražská", Bratislava-Staré Mesto ,364 990 
https://www.reality.sk//byty/renatas-1-5-izbovy-byt-nie-apartman-pristavna-plynarenska/JubC6gFaWdh/,"RENATAS - 1,5 IZBOVÝ BYT /NIE APARTMÁN/ PRÍSTAVNÁ - PLYNÁRENSKÁ", Bratislava-Ružinov  Prístavná,215 000 
https://www.reality.sk//byty/herrys-na-predaj-2-izbovy-zrekonstruovany-byt-s-pivnicou-v-starom-meste/JuGKiUSMUNR/,Herrys - Na predaj 2 izbový zrekonštruovaný byt s pivnicou v Starom Meste, Bratislava-Staré Mesto  Belopotockého,215 000 
https://www.reality.sk//byty/herrys-na-predaj-uplne-novy-slnecny-3-izbovy-apartman-v-novostavbe-ceresne-parking/JuhgkT7K9MV/,"HERRYS - Na predaj úplne nový slnečný 3 izbový apartmán v novostavbe Čerešne, parking", Bratislava-Dúbravka  Polianky,329 000 
https://www.reality.sk//byty/herrys-na-predaj-3-izbovy-byt-v-povodnom-stave-vo-vybornej-lokalite-v-ruzinove/Jue5Zx8rQ-c/,HERRYS - Na predaj 3-izbový byt v pôvodnom stave vo výbornej lokalite v Ružinove, Bratislava-Ružinov  Sputniková,210 000 
https://www.reality.sk//byty/herrys-na-predaj-svetly-4-izbovy-byt-s-terasou-v-projekte-novy-ruzinov-bratislava-ruzinov/JuH2ZMUMS70/,"HERRYS - Na predaj svetlý 4-izbový byt s terasou v projekte Nový Ružinov, Bratislava – Ružinov", Bratislava-Ružinov  Na výslní,412 500 
https://www.reality.sk//byty/herrys-na-predaj-kompletne-zrekonstruovany-3-izbovy-byt-s-vytahom-v-tehlovom-dome/JuUU-Dt5UTd/,HERRYS - Na predaj kompletne zrekonštruovaný 3-izbový byt s výťahom v tehlovom dome, Bratislava-Staré Mesto  Blumentálska,310 000 
https://www.reality.sk//byty/herrys-na-predaj-slnecny-3-izbovy-byt-s-loggiou-na-ipelskej-ulici-3d-obhliadka/JuOEuO4oj9v/,"HERRYS - Na predaj slnečný 3 izbový byt s loggiou na Ipeľskej ulici, 3D obhliadka", Bratislava-Podunajské Biskupice  Ipeľská,159 000 
https://www.reality.sk//byty/herrys-na-predaj-kompletne-zrekonstruovany-3-izbovy-byt-s-krasnym-vyhladom-na-dubravske-lesy/JuhwvXtXTZu/,HERRYS - Na predaj kompletne zrekonštruovaný 3-izbový byt s krásnym výhľadom na dúbravské lesy, Bratislava-Dúbravka  Karola Adlera,189 900 
https://www.reality.sk//byty/herrys-na-predaj-velkometrazny-2-izbovy-byt-so-samostatnou-kuchynou-na-palisadach-stetinova-ulica/JuemCsrI9kc/,"HERRYS- Na predaj veľkometrážny 2-izbový byt so samostatnou kuchyňou na Palisádach, Štetinová ulica", Bratislava-Staré Mesto  Štetinova,279 900 
https://www.reality.sk//byty/herrys-na-predaj-ciastocne-zrekonstruovany-3-izbovy-byt-s-moznostou-prerabky-na-4-izbovy-byt/Ju_FU2ICqEm/,HERRYS - Na predaj čiastočne zrekonštruovaný 3-izbový byt s možnosťou prerábky na 4-izbový byt, Bratislava-Vrakuňa  Kríková,174 990 
https://www.reality.sk//byty/herrys-na-predaj-vynimocny-3-izbovy-byt-vo-vynimocnej-lokalite-pod-bratislavskym-hradom/JubllC6dKdl/,HERRYS - Na predaj výnimočný 3-izbový byt vo výnimočnej lokalite pod Bratislavským hradom, Bratislava-Staré Mesto  Palisády,499 000 
https://www.reality.sk//byty/herrys-na-predaj-2-izbovy-byt-s-balkonom-v-nedavno-skolaudovanej-novostavbe-ceresne/Ju6I9-aZKoF/,HERRYS - Na predaj 2 izbový byt s balkónom v nedávno skolaudovanej novostavbe Čerešne, Bratislava-Dúbravka  Polianky,175 000 
https://www.reality.sk//byty/herrys-na-predaj-uplne-novy-4-izbovy-byt-s-dvoma-kupelnami-v-novostavbe-ceresne-parking/JuwjO-BybEZ/,"HERRYS - Na predaj úplne nový 4 izbový byt s dvoma kúpeľňami v novostavbe Čerešne, parking", Bratislava-Dúbravka  Polianky,379 000 
https://www.reality.sk//byty/herrys-na-predaj-slnecny-2-izbovy-byt-vo-vynikajucej-lokalite-v-novej-dobe-pri-vivo-poluse/JuExRJMbJEX/,HERRYS - Na predaj slnečný 2 izbový byt vo vynikajúcej lokalite v Novej Dobe pri Vivo (Poluse), Bratislava-Nové Mesto  Vajnorská,159 000 
https://www.reality.sk//byty/herrys-na-predaj-3-izbovy-byt-v-projekte-gastanova-rezidencia-horsky-park/Juel0h4-TFF/,HERRYS - Na predaj 3-izbový byt v projekte Gaštanová/Rezidencia Horský park, Bratislava-Staré Mesto  Gaštanová,380 000 
https://www.reality.sk//byty/herrys-na-predaj-3-izbovy-byt-v-dubravke/JuqhagPk-Yo/,HERRYS - na predaj 3 izbový byt v Dúbravke, Bratislava-Dúbravka  Dúbravčická,210 000 
https://www.reality.sk//byty/herrys-na-predaj-3-izbovy-byt-s-velkorysou-vymerou-a-vlastnou-garazou-v-ruzinove-teslova-ulica/JuPfqXJnzqW/,HERRYS - Na predaj 3-izbový byt s veľkorysou výmerou a vlastnou garážou v Ružinove - Teslova ulica, Bratislava-Ružinov  Teslova,250 000 
https://www.reality.sk//byty/herrys-na-predaj-2-izbovy-byt-s-peknym-vyhladom-v-devinskej-novej-vsi/JucR3bF8boH/,HERRYS - Na predaj 2-izbový byt s pekným výhľadom v Devínskej Novej Vsi, Bratislava-Devínska Nová Ves  Eisnerova,190 000 
https://www.reality.sk//byty/herrys-na-predaj-klimatizovany-3-izbovy-byt-v-novostavbe-novy-ruzinov/Ju0ruoud7TG/,HERRYS – Na predaj klimatizovaný 3 izbový byt v novostavbe Nový Ružinov, Bratislava-Ružinov  Bajkalská,235 000 
https://www.reality.sk//byty/moruse-skolaudovane-v-ponuke-2i-byt-za-bezkonkurencnu-cenu/Ju_ni4I78vpD/,Moruše  SKOLAUDOVANÉ- v ponuke 2i byt za bezkonkurenčnú cenu!, Bratislava-Ružinov  Ivanska cesta,159 900 
https://www.reality.sk//byty/predaj-3-izbovy-byt-93-m2-3-lodzie-bratislava/JuG5J4mNSOH/,"PREDAJ: 3 izbový byt, 93 m2 + 3 lodžie, Bratislava", Bratislava-Nové Mesto  Račianska,164 990 
https://www.reality.sk//byty/na-predaj-1izbovy-byt-v-karlovej-vsi-na-silvanskej-ul/JuSzDi1Rvy5/,Na predaj 1izbový byt v Karlovej Vsi na Silvánskej ul., Bratislava-Karlova Ves  Silvánska,119 900 
https://www.reality.sk//byty/babony-tre-3-izbovy-byt-s-terasou-a-zahradkou-na-turbinovej-1-v-ba/JuiDwb3BE9d/,Babony TRE | 3 izbový byt s terasou a záhradkou na Turbínovej 1 v BA, Bratislava-Nové Mesto  Turbínová,257 040 
https://www.reality.sk//byty/babony-tre-na-predaj-krasny-3-izbovy-byt-v-ruzinove-ostredky/JuZo85txS4N/,Babony TRE | Na predaj krásny 3 izbový byt v Ružinove - Ostredky, Bratislava-Ružinov  Ostredková,239 900 
https://www.reality.sk//byty/3d-predaj-3i-bytu-novostavba-citypark-ruzinov-plynarenska-ul-ba-ii/JuKrA013hbv/,"3D, predaj 3i bytu, novostavba CityPark Ružinov, Plynárenská ul, BA II", Bratislava-Ružinov  Plynárenská,349 990 
https://www.reality.sk//byty/predaj-1-izbovy-byt-s-balkonom-ovocne-sady-ba-ruzinov/JuZBK5drkgS/,"PREDAJ, 1 izbový byt s balkónom, Ovocné sady , BA - Ružinov", Bratislava-Ružinov  Ivanská cesta,139 000 
https://www.reality.sk//byty/nova-cena-3-izb-byt-pod-hradom-95m2-po-rekonstrukcii-balkon-garaz/JuKmUhdzi6f/,"NOVÁ CENA 3-izb byt pod hradom, 95m2, po rekonštrukcii, balkón, garáž", Bratislava-Staré Mesto  Zámocká,399 900 
https://www.reality.sk//byty/arthur-moderny-2-5-izb-byt-v-18-rocnom-bytovom-dome-na-hany-melickovej-s-balkonom/JupOPtwSznQ/,"ARTHUR - Moderný  2,5 izb. byt v 18-ročnom bytovom dome  na Hany Meličkovej s balkónom!", Bratislava-Karlova Ves  Hany Meličkovej,229 500 
https://www.reality.sk//byty/arthur-akcia-3izb-byt-podunajske-biskupice-latoricka-ulica/JuKzOl2a7ZI/,"ARTHUR - AKCIA - 3IZB. BYT, Podunajské Biskupice, Latorická ulica", Bratislava-Podunajské Biskupice ,149 990 
https://www.reality.sk//byty/arthur-znalecky-posudok-vam-zabezpecime-ako-bonus/Ju9JcX3E2xjV/,ARTHUR - Znalecký posudok Vám zabezpečíme ako BONUS!, Bratislava-Ružinov ,155 000 
https://www.reality.sk//byty/agent-sk-na-predaj-1-izbovy-byt-lublanska-zilina-vlcince/Ju9-n_H_Tff/,"AGENT.SK | Na predaj 1-izbový byt Ľubľanská, Žilina - Vlčince", Bratislava-Nové Mesto  Ľubľanská,
https://www.reality.sk//byty/78-m2-velky-3-izb-byt-s-5-m2-loggiou-a-spajzou-v-jednej-z-najlepsich-lokalit-bratislavy/Jug57Tv2oh1/,78 m2 veľký 3 izb byt s +5 m2 Loggiou a +špajzou v jednej z najlepších lokalít Bratislavy, Bratislava-Ružinov  Bajzova,259 000 
https://www.reality.sk//byty/2-kk-byt-v-ruzinove-bez-tiarch-na-rekonstrukciu-podla-vlastnych-predstav/JujP4pA4yDF/,2+KK byt v Ružinove bez tiarch na rekonštrukciu podľa vlastných predstáv, Bratislava-Ružinov  Jadrová,169 990 
https://www.reality.sk//byty/rodinny-3-izb-byt-na-latorickej-ulici/JuEa49kEmmw/,Rodinný 3-izb. byt na Latorickej ulici, Bratislava-Podunajské Biskupice  Latorická,175 000 
https://www.reality.sk//byty/agent-sk-na-predaj-pekny-podkrovny-byt-bratislava-nivy/JuGY_J2tdNw/,"AGENT.SK | Na predaj pekný podkrovný byt, Bratislava - Nivy", Bratislava-Ružinov  Miletičova,294 900 
https://www.reality.sk//byty/na-predaj-vynimocny-4-izbovy-byt-v-novostavbe-s-balkonom-2-parkovacie-statia-112-m2-v-bezprostrednej-blizkosti-lesoparku-ba-ii/JukTfueVGGg/,"Na PREDAJ výnimočný 4 izbový byt v novostavbe s balkónom, 2 parkovacie státia, 112  m2, v bezprostrednej blízkosti LESOPARKU, BA II", Bratislava-Vrakuňa  Brezová,420 000 
https://www.reality.sk//byty/priestranny-3-izbovy-byt-s-terasou-s-vyhladom-na-bratislavu-koliba/Ju7Z1sRpyRC/,PRIESTRANNÝ 3 IZBOVÝ BYT S TERASOU S VÝHĽADOM NA BRATISLAVU - KOLIBA, Bratislava-Nové Mesto  Tupého,550 000 
https://www.reality.sk//byty/zariadeny-4-izbovy-byt-v-podunajskych-biskupiciach/Ju6l4Q-OuAr/,ZARIADENÝ 4 IZBOVÝ BYT V PODUNAJSKÝCH BISKUPICIACH, Bratislava-Podunajské Biskupice  Bodrocká,154 900 
https://www.reality.sk//byty/na-predaj-3-izbovy-byt-s-loggiou-v-novom-meste-kramare/JuQXwQGEyfF/,NA PREDAJ 3 IZBOVÝ BYT S LOGGIOU V NOVOM MESTE - KRAMÁRE, Bratislava-Nové Mesto  Stromová,259 000 
https://www.reality.sk//byty/velky-1-izbovy-byt-v-centre-lamaca/JungzyorfTG/,Veľký 1 izbový byt v centre Lamača, Bratislava-Lamač  Studenohorská,127 000 
https://www.reality.sk//byty/charizmaticky-byt-na-kolibe/JuJzp5nyNnp/,Charizmatický byt na Kolibe, Bratislava-Nové Mesto  Pod Vtáčnikom,398 000 
https://www.reality.sk//byty/priestranny-byt-v-top-lokalite-tomasikova-ul-73-6-m2/JudAS-DQtDU/,"Priestranný byt v TOP lokalite - Tomášikova ul. - 73,6 m2", Bratislava-Ružinov  Tomášikova,229 000 
https://www.reality.sk//byty/uzasne-byvanie-aj-investicia-byt-pri-jazere-kuchajda-tomasikova-ul-koloseo/JuprcSzN5LW/,ÚŽASNÉ BÝVANIE AJ INVESTÍCIA- BYT PRI JAZERE KUCHAJDA - Tomášikova ul. - KOLOSEO, Bratislava-Nové Mesto  Tomášikova,229 000 
https://www.reality.sk//byty/predaj-3-izbovy-byt-s-loggiou-pri-vrakunskom-lesoparku-a-malom-dunaji-na-estonskej-ulici-baii-podunajske-biskupice/JuSPs3YYldG/,"Predaj 3 - izbový byt s loggiou, pri Vrakúnskom lesoparku a Malom Dunaji, na Estónskej ulici, BAII – Podunajské Biskupice", Bratislava-Podunajské Biskupice  Estónska,147 000 
https://www.reality.sk//byty/velky-3-izbovy-byt-108-m2-s-dvomi-loggiami-v-blizkosti-malych-karpat/JuGlkNSeXtv/,"VEĽKÝ 3-IZBOVÝ BYT 108 m2 S DVOMI LOGGIAMI, V BLÍZKOSTI MALÝCH KARPÁT", Bratislava-Rača  Pri vinohradoch,339 000 
https://www.reality.sk//byty/na-predaj-slusna-dvojgarsonka-na-stavbarskej-ulici-vo-vrakuni-bratislava/JuQClk3nzRX/,"Na predaj slušná dvojgarsónka na Stavbárskej ulici vo Vrakuni, Bratislava", Bratislava-Vrakuňa  Stavbárska,60 000 
https://www.reality.sk//byty/4-izb-byt-po-celkovej-rekonstrukcii-ruzinov-bancikovej-ul/JuFMZRYY0nN/,"4-IZB. BYT PO CELKOVEJ REKONŠTRUKCII, RUŽINOV, BANCÍKOVEJ UL.", Bratislava-Ružinov  Bancíkovej,245 000 
https://www.reality.sk//byty/exkluzivne-na-predaj-2-5-izbovy-byt-na-prerobenie-64-50-m2-ul-j-c-hronskeho-nove-mesto-cena-174-990/Jumf6jgfS_X/,"EXKLUZÍVNE NA PREDAJ: 2,5 IZBOVÝ BYT NA PREROBENIE, 64,50 M2, UL. J.C. HRONSKÉHO - NOVÉ MESTO, CENA: 174.990 €", Bratislava-Nové Mesto  J. C. Hronského,174 990 
https://www.reality.sk//byty/1-izbovy-byt-bratislava-nove-mesto/Ju1GG4GyHcg/,1-IZBOVÝ BYT  BRATISLAVA NOVÉ MESTO, Bratislava-Nové Mesto  Teplická,119 000 
https://www.reality.sk//byty/3-5-izbovy-byt-ruzinov-lukrativna-lokalita-pri-retre-vyborna-investicna-prilezitost/Juk-gsgTnBJ/,"3,5 - izbový byt RUŽINOV LUKRATÍVNA LOKALITA pri RETRE VÝBORNÁ INVESTIČNÁ PRÍLEŽITOSŤ", Bratislava-Ružinov  Šalviová,209 000 
https://www.reality.sk//byty/vymen-suseda-3-izb-byt-v-novostavbe-greenvia-s-velkym-balkonom-ba-iv-zahorska-bystrica-pri-vapenickom-potoku-ul/JuyIRDQr_FV/,"VYMEŇ SUSEDA! – 3 IZB. BYT V NOVOSTAVBE GREENVIA S VEĽKÝM BALKÓNOM, BA IV. – Záhorská Bystrica, Pri Vápenickom potoku ul.", Bratislava-Záhorská Bystrica  Pri Vápenickom potoku,259 900 
https://www.reality.sk//byty/vymen-suseda-vynimocny-2-izb-byt-pri-jazere-kuchajda-ba-iii-nove-mesto-tomasikova-ul/JudmIWqQ_2n/,"VYMEŇ SUSEDA! – VÝNIMOČNÝ 2 IZB. BYT PRI JAZERE KUCHAJDA, BA III. – Nové Mesto, Tomášikova ul.", Bratislava-Nové Mesto  Tomášikova,209 900 
https://www.reality.sk//byty/estate-invest-vynimocny-5-izb-byt-325-00-m2-s-wellnessom-zahradou-terasou-a-parkingom-ba-i-stare-mesto/JukiL5eh8UD/,"ESTATE INVEST – VÝNIMOČNÝ 5 IZB. BYT 325.00 m2 S WELLNESSOM, ZÁHRADOU, TERASOU A PARKINGOM. BA I/STARÉ MESTO.", Bratislava-Staré Mesto  Drotárska cesta,
https://www.reality.sk//byty/estate-invest-vynimocny-7-izb-mezonet-358-00-m2-s-krbom-wellnes-zahradou-terasou-a-parkingom-ba-i-stare-mesto/JuIJ8rjFbRN/,"ESTATE INVEST – VÝNIMOČNÝ 7 IZB. MEZONET 358.00 m2 S KRBOM, WELLNES, ZÁHRADOU, TERASOU A PARKINGOM. BA I/STARÉ MESTO", Bratislava-Staré Mesto  Drotárska cesta,
https://www.reality.sk//byty/utulny-1-izb-byt-ul-csl-parasutistov/JuMTAwrSLTs/,"útulný 1 izb. byt, ul. Čsl. parašutistov", Bratislava-Nové Mesto  Československých parašutistov,146 900 
https://www.reality.sk//byty/svetly-priestranny-3-izb-byt-dunajska-ul/JuXWCSOKGDx/,"Svetlý, priestranný 3 izb. byt, DUNAJSKÁ ul.", Bratislava-Staré Mesto  Dunajská,290 000 
https://www.reality.sk//byty/novo-zrekonstr-2-izb-byt-kadnarova-ul/JuT4raBSC7Q/,"NOVO zrekonštr. 2 izb. byt, KADNÁROVA ul.", Bratislava-Rača  Kadnárova,149 000 
https://www.reality.sk//byty/4-izb-mezonetovy-byt-s-terasami-v-novostavbe-teslova-ul/Jul-WKY7hGW/,"4 izb. MEZONETOVY byt s terasami v novostavbe, TESLOVA ul.", Bratislava-Ružinov  Teslova,599 000 
https://www.reality.sk//byty/velkometrazny-2-izbovy-byt-s-balkonom-v-novom-meste/JuE0ycGjzLJ/,VEĽKOMETRÁŽNY 2 IZBOVÝ BYT S BALKÓNOM V NOVOM MESTE, Bratislava-Nové Mesto  Tomášikova,269 000 
https://www.reality.sk//byty/2-izb-byt-exnarova-ul/JuiQ5GLFe9B/,"2 izb. byt, EXNÁROVA ul.", Bratislava-Ružinov  Exnárova,177 900 
https://www.reality.sk//byty/na-predaj-2-izbovy-byt-s-loggiou-na-hranicnej-ul-v-ruzinove/JuWOUvv5fOu/,na predaj 2-izbový byt s loggiou  na Hraničnej ul. v Ružinove., Bratislava-Ružinov  Hraničná,193 500 
https://www.reality.sk//byty/svoboda-williams-i-4-izbovy-penthouse-s-vyhladom-na-mesto/JuSqXnAAfo7/,SVOBODA & WILLIAMS I 4-izbový penthouse s výhľadom na mesto, Bratislava-Ružinov ,
https://www.reality.sk//byty/3-izb-byt-sedmokraskova-ul-po-novej-rekonstrukcii/JufwGM2nuln/,"3 izb. byt, Sedmokráskova ul., po novej rekonštrukcii", Bratislava-Ružinov  Sedmokraskova,249 900 
https://www.reality.sk//byty/2-izb-byt-60m2-garaz-povodny-stav-gemerska-ulica-ruzinov-nivy-bratislava/Ju4XhERKje-/,"2-izb.byt,60m2,garáž,pôvodný stav,Gemerská ulica,Ružinov/Nivy-Bratislava.", Bratislava-Ružinov  Gemerská,220 000 
https://www.reality.sk//byty/na-predaj-uplne-novy-3-izbovy-byt-v-novostavbe-ovocne-sady-ruzinov/JuMCwz7OHeK/,"Na  predaj úplne nový 3-izbový byt v novostavbe Ovocné Sady, Ružinov.", Bratislava-Ružinov  Ivanská cesta,205 000 
https://www.reality.sk//byty/renatas-predaj-2izb-po-kompletnej-rekonstrukcii/JujzZQc5c61/,RENATAS - PREDAJ 2IZB. PO KOMPLETNEJ REKONŠTRUKCII, Bratislava-Nové Mesto  Vajnorská,154 000 
https://www.reality.sk//byty/renatas-2izbovy-byt-timravina-hradny-kopec/Jup_26KQYXw/,RENATAS - 2IZBOVÝ BYT TIMRAVINA - HRADNÝ KOPEC, Bratislava-Staré Mesto  Timravina,319 000 
https://www.reality.sk//byty/novy-3-izbovy-byt-s-velkou-loggiou-kompletna-rekonstrukcia-11-2023-mudrochova-ul-bratislava-raca/JucrBZIyi1JT/,NOVÝ - 3 izbový byt s veľkou loggiou - kompletná rekonštrukcia 11/2023 - Mudrochova ul. Bratislava Rača, Bratislava-Rača  Mudrochova,209 800 
https://www.reality.sk//byty/na-predaj-2-izbovy-byt-v-bratislave-dubravka-pri-oc-saratov-8poschodova-bytovka/Ju6j6tBuksY/,Na predaj 2 izbový byt v Bratislave Dúbravka pri OC Saratov 8poschodová bytovka, Bratislava-Dúbravka  Fedákova,129 900 
https://www.reality.sk//byty/bezbarierovy-3-izbovy-novo-zrekonstruovany-byt-s-loggiou-v-zelenej-casti-dubravka/Ju0XL9a230z/,BEZBARIÉROVÝ – 3 izbový NOVO zrekonštruovaný byt s loggiou v zelenej časti Dúbravka, Bratislava-Dúbravka  Nejedlého,188 700 
https://www.reality.sk//byty/1-izb-byt-s-velkou-terasou-v-novsej-stavbe-2009-kresankova-7a-bratislava-iv/JuwSiPW2CV6j/,"1 izb. byt s veľkou terasou v novšej stavbe 2009 - Kresánkova 7A, Bratislava IV", Bratislava-Karlova Ves  Kresánkova,139 800 
https://www.reality.sk//byty/kompletne-zrekonstruovany-3-izbovy-byt-kuklovska-karlova-ves-ba-iv/JuyPA7p5GqfT/,"Kompletne zrekonštruovaný 3-izbový byt, Kuklovská, Karlova Ves - BA IV.", Bratislava-Karlova Ves  Kuklovská,207 000 
https://www.reality.sk//byty/kompletne-zrekonstruovany-3-izbovy-byt-s-dvomi-loggiami-adamiho-karlova-ves-ba-iv/JusoVgPTICX/,"Kompletne zrekonštruovaný 3-izbový byt s dvomi loggiami, Adámiho, Karlova Ves - BA IV.", Bratislava-Karlova Ves  Adámiho,215 000 
https://www.reality.sk//byty/rado-zariadeny-1-5-izb-byt-50m2-v-novostavbe-ruzinovska-44/JuZKVIwJRO5/,"RADO | ZARIADENÝ 1,5-IZB. BYT 50m2 V NOVOSTAVBE RUŽINOVSKÁ 44.", Bratislava-Ružinov  Ružinovská,159 980 
https://www.reality.sk//byty/na-predaj-uplne-novy-2-izbovy-apartman-s-balkonom-v-novostavbe-galvaniho-dvory/JuXB4D43puY/,Na predaj úplne nový 2 izbový apartmán s balkónom v novostavbe Galvaniho Dvory, Bratislava-Ružinov  Galvaniho,162 400 
https://www.reality.sk//byty/predaj-1-izb-byt-tilgnerova-ul-bratislava/JupihNihOYi/,"Predaj 1 izb byt, Tilgnerova ul., Bratislava", Bratislava-Karlova Ves  Tilgnerova,114 900 
https://www.reality.sk//byty/3i-byt-ba-ii-74-m2-nadstandardne-zariadeny-byt-balkon-aj-loggia-kompletna-rekonstrukcia-2023/JufdQk1i8Ot/,"3i byt – BA II: 74 m2, NADŠTANDARDNE ZARIADENÝ BYT, balkón aj loggia, KOMPLETNÁ REKONŠTRUKCIA 2023", Bratislava-Ružinov  Rumančeková,247 990 
https://www.reality.sk//byty/3-izbovy-byt-homolova-ulica-dubravka/JufA8gX4Sg9/,"3 izbový byt, Homolová ulica, Dúbravka", Bratislava-Dúbravka  Homolova,195 000 
https://www.reality.sk//byty/skvely-slnecny-3i-byt-115-m2-loggia-12-m2-2-x-parking-river-park/Ju9mH8YULUq/,"Skvelý slnečný 3i byt, 115 m2, loggia 12 m2, 2 x parking, River Park", Bratislava-Staré Mesto  Dvořákovo nábrežie,850 000 
https://www.reality.sk//byty/priestranny-4i-byt-78m2-skvela-obcianska-vybavenost-vizualizacia/JuAacgzqhLw/,"Priestranný 4i byt 78m2, skvelá občianska vybavenosť, vizualizácia", Bratislava-Vrakuňa  Rajčianska,171 900 
https://www.reality.sk//byty/predaj-3izb-byt-68-96m2-ul-trebisovska-strkovec-ruzinov/Ju4ACB9GdkA/,"Predaj 3izb. byt, 68,96m2, ul. Trebišovská, Štrkovec - Ružinov", Bratislava-Ružinov  Trebišovská,169 000 
https://www.reality.sk//byty/lexxus-predaj-zariadeny-3i-byt-rekonstrukcia-ul-karola-adlera-dubravka-ba-iv-74-12-m2/JuEc__M9lXE/,"LEXXUS | PREDAJ ZARIADENÝ 3i byt , REKONŠTRUKCIA, ul. Karola Adlera, Dúbravka, BA IV., 74,12 m2", Bratislava-Dúbravka  Karola Adlera,
https://www.reality.sk//byty/predaj-velky-3-izb-byt-cajakova-bratislava-stare-mesto/JumZ7beK7JK/,"PREDAJ veľký 3-izb. byt ČAJAKOVA, Bratislava-Staré Mesto", Bratislava-Staré Mesto  Čajakova,397 800 
https://www.reality.sk//byty/na-predaj-4izbovy-byt-v-pokojnej-casti-ruzinova-na-ul-liscie-nivy-s-rychlou-dostupnostou-do-centra-mesta/JuLYF2Dqi9Z/,Na predaj 4izbový byt v pokojnej časti Ružinova na ul. Líščie nivy s rýchlou dostupnosťou do centra mesta, Bratislava-Ružinov  Líščie nivy,249 000 
https://www.reality.sk//byty/prakticky-2-izb-byt-v-novostavbe/Jut-PAVC-KA/,Praktický 2 izb byt v novostavbe, Bratislava-Ružinov  Ivanská cesta,162 000 
https://www.reality.sk//byty/na-predaj-slnecny-3-izbovy-byt-s-lodziou-v-novostavbe-iii-veze/JuPs98BdbMi/,Na predaj slnečný 3 izbový byt s lodžiou v novostavbe III. Veže, Bratislava-Nové Mesto  Bajkalská,308 000 
https://www.reality.sk//byty/fantasticka-ponuka-1-izbovy-byt-43-5m2-s-loggiou-pristavna-1/JufQex8cgwL/,"FANTASTICKÁ PONUKA, 1-izbový BYT 43,5m2 s loggiou Prístavná 1", Bratislava-Ružinov  Prístavná,169 900 
https://www.reality.sk//byty/ponukame-vam-na-predaj-1-izbovy-byt-s-velkou-loggiou-v-jednej-z-najkrajsich-lokalit-m-c-dubravka-ul-sokolikova/JuzUHwiJJoa/,"Ponúkame Vám, na predaj 1-izbový  byt s veľkou LOGGIOU v  jednej z najkrajších lokalít m.č. Dúbravka  ul. Sokolíkova", Bratislava-Dúbravka  Sokolíkova,109 900 
https://www.reality.sk//byty/rendez-novostavba-1izbovy-apt-na-predaj/JuGiGUuq_WA/,Rendez novostavba -1izbový apt. na predaj, Bratislava-Rača  Sklabinská,148 900 
https://www.reality.sk//byty/predaj-1-izbovy-byt-43-m2-lodzia-bratislava-stare-mesto/JuaRCQbAHkT/,"PREDAJ: 1 izbový byt, 43 m2 + lodžia, Bratislava - Staré Mesto", Bratislava-Staré Mesto  Blumentálska,159 900 
https://www.reality.sk//byty/vyborna-lokalita-4izb-byt-2x-loggia-78-m2-pri-strkoveckom-jazere-bratislava-ruzinov/Ju0VgzW8Ajq/,"Výborná lokalita! 4izb. byt, 2x loggia, 78 m2 pri Štrkoveckom jazere, Bratislava - Ružinov", Bratislava-Ružinov  Sabinovská,255 000 
https://www.reality.sk//byty/slnecny-2-izb-byt-s-vyhladom-do-vnutrobloku-v-novostavbe-bory-byvanie/JuX9w-70f6-/,Slnečný 2 izb. byt s výhľadom do vnútrobloku v novostavbe Bory Bývanie, Bratislava-Lamač  Jána Langoša 3/A,193 000 
https://www.reality.sk//byty/penthouse-so-zelenou-terasou-v-rezidencii-k-zeleznej-studienke/JuECvuZdAiV/,Penthouse so zelenou terasou v Rezidencii K Železnej Studienke, Bratislava-Staré Mesto  K Železnej studienke,
https://www.reality.sk//byty/exkluzivny-penthouse-v-rezidencia-k-zeleznej-studienke/JuEGSVrU3Lj/,Exkluzívny penthouse v Rezidencia K Železnej Studienke, Bratislava-Staré Mesto  K Železnej studienke,
https://www.reality.sk//byty/1izbovy-byt-v-ovocnych-sadoch-s-vyhladom-az-na-bratislavsky-hrad/JuSp21MNTHh/,1izbový byt v Ovocných sadoch s výhľadom až na Bratislavský hrad, Bratislava-Ružinov  Ivánska cesta,125 000 
https://www.reality.sk//byty/tichy-slnecny-byt-v-centre/JunjbuntPr_/,tichý slnečný byt v centre, Bratislava-Staré Mesto  Karadžičova,168 000 
https://www.reality.sk//byty/3-izbovy-byt-v-starom-meste-na-sancovej-ulici/JuCrJUAiU2e/,3-izbový byt v Starom meste na Šancovej ulici, Bratislava-Staré Mesto  Šancová,219 000 
https://www.reality.sk//byty/krasny-3-izbovy-byt-s-terasou-s-panoramatickym-vyhladom-video/JuiKdm4c8-W/,Krásny 3 izbový byt s terasou s panoramatickým výhľadom - VIDEO, Bratislava-Ružinov  Priehradná,299 000 
https://www.reality.sk//byty/krasny-4-izbovy-byt-s-terasou-s-panoramatickym-vyhladom-video/JuyY_Si7DBp/,Krásny 4 izbový byt s terasou s panoramatickým výhľadom - VIDEO, Bratislava-Ružinov  Priehradná,330 000 
https://www.reality.sk//byty/p-r-e-d-a-j-2-izboveho-bytu-s-loggiou-a-klimatizaciou/JuiyfDURXiX/,P R E D A J - 2 izbového bytu s loggiou a klimatizáciou, Bratislava-Dúbravka  Saratovská,165 000 
https://www.reality.sk//byty/slnecny-3-izbovy-byt-s-lodziou-ba-i-stare-mesto-dunajska-ulica/JubAVpA3DgH/,"Slnečný 3 izbový byt s lodžiou, BA I. Staré Mesto, Dunajská ulica", Bratislava-Staré Mesto  Dunajská,280 000 
https://www.reality.sk//byty/2-izbovy-apartman-pri-dunaji-v-blizkosti-downtownu/JuyBS9yxdm8/,2-IZBOVÝ APARTMÁN PRI DUNAJI V BLÍZKOSTI DOWNTOWNU, Bratislava-Ružinov  Prístavná,240 000 
https://www.reality.sk//byty/xperia-ponuka-2-izbovy-kompletne-zrekonstruovany-byt-vlcie-hrdlo/JuFmefTZ20B/,"XPERIA ponúka: 2 izbový, kompletne zrekonštruovaný byt, Vlčie hrdlo", Bratislava-Ružinov  Vlčie hrdlo,99 900 
https://www.reality.sk//byty/video-novinka-najlepsia-ponuka-na-trhu-nezmeskajte-tuto-prilezitost-3-izbovy-byt-s-panoramatickym-vyhladom-a-bezbarierovym-pristupom/JuSVUS3CKn-/,"VIDEO NOVINKA!! Najlepšia ponuka na trhu, nezmeškajte túto príležitosť! 3-izbový byt s panoramatickým výhľadom a bezbariérovým prístupom.", Bratislava-Podunajské Biskupice  Podzáhradná,159 500 
https://www.reality.sk//byty/len-u-nas-v-ponuke-predaj-vynimocneho-2-izboveho-bytu-na-tomasikovej-ulici-v-dizajnovom-projekte-nido-v-ruzinove/Juiq6sYUsOh/,Len u nás v ponuke: Predaj výnimočného 2 izbového bytu na Tomášikovej ulici v dizajnovom projekte NIDO v Ružinove, Bratislava-Nové Mesto  Tomášikova,250 000 
https://www.reality.sk//byty/novinka-za-bezkonkurencnu-cenu-ruzinov-top-lokalita-2-izb-byt-s-balkonom-tehla-rekonstrukcia-exkluzivne-iba-u-nas/Juhsjl3ImbZ/,"!NOVINKA ZA BEZKONKURENČNÚ CENU! Ružinov,TOP lokalita,2-izb.byt s balkónom, tehla, rekonštrukcia, EXKLUZÍVNE IBA U NÁS!", Bratislava-Ružinov  Tokajícka,174 700 
https://www.reality.sk//byty/novinka-za-bezkonkurencnu-cenu-ruzinov-top-lokalita-2-izb-byt-s-balkonom-tehla-rekonstrukcia-exkluzivne-iba-u-nas/JuhMkgE7iDx/,"!NOVINKA ZA BEZKONKURENČNÚ CENU! Ružinov,TOP lokalita,2-izb.byt s balkónom, tehla, rekonštrukcia, EXKLUZÍVNE IBA U NÁS!", Bratislava-Ružinov  Tokajícka,174 700 
https://www.reality.sk//byty/novinka-za-bezkonkurencnu-cenu-ruzinov-top-lokalita-2-izb-byt-s-balkonom-tehla-rekonstrukcia-iba-u-nas/Ju4muhXEzy9/,"!NOVINKA ZA BEZKONKURENČNÚ CENU! Ružinov,TOP lokalita,2-izb.byt s balkónom, tehla, rekonštrukcia, IBA U NÁS!", Bratislava-Ružinov  Tokajícka,174 700 
https://www.reality.sk//byty/berg-bauman-predpredaj-4-izbovy-byt-top-nove-mesto/JuDyimiSp72/,"Berg & Bauman - PREDPREDAJ - 4-izbový byt, TOP, NOVÉ MESTO", Bratislava-Nové Mesto  Sibírska,209 990 
https://www.reality.sk//byty/lemonpie-ponuka-exkluzivne-na-predaj-priestranny-2-izb-byt-v-karlovej-vsi-s-terasou/JuHXaQSSPKi/,Lemonpie ponúka exkluzívne na predaj priestranný 2-izb byt v Karlovej Vsi s terasou., Bratislava-Karlova Ves  Kresánkova,
https://www.reality.sk//byty/comfort-living-ponuka-byt-v-srdci-dejin-s-garazou-a-parkovacim-statim/JuYe_zA-6R2/,COMFORT LIVING ponúka - ***** BYT V SRDCI DEJÍN S GARÁŽOU A PARKOVACÍM STÁTÍM *****, Bratislava-Staré Mesto  Palisády,468 000 
https://www.reality.sk//byty/byvanie-v-starom-meste-v-krasnom-2-izbovom-byte/Juw56bHyzAU/,Bývanie v Starom meste v krásnom 2 izbovom byte, Bratislava-Staré Mesto  Žilinská,264 862 
https://www.reality.sk//byty/velky-3-izbovy-mezonet-s-terasou-v-ruzinove-na-kocelovej-ul-video/Ju9Aby_36Zn/,Veľký 3 izbový mezonet s terasou v Ružinove na Koceľovej ul. - VIDEO, Bratislava-Ružinov  Koceľova 10,349 900 
https://www.reality.sk//byty/super-cena-2-izbovy-byt-v-ruzinove-novostavba-video/JuIRw5iG6xY/,SUPER CENA - 2 izbový byt v Ružinove - NOVOSTAVBA - VIDEO, Bratislava-Ružinov  Polárna 10,194 000 
https://www.reality.sk//byty/atraktivny-2i-byt-s-vyhladom-na-strkovecke-jazero/Re4mHpV9bv7/,atraktívny 2i byt s výhľadom na Štrkovecké jazero, Bratislava-Ružinov ,219 000 
https://www.reality.sk//byty/vyhlad-panorama-80-21m2-rozsiahly-a-neobyvany-nova-komplet-rekonstrukcia/Ju2SK-TNeDe/,"Výhľad panoráma, 80,21m2, rozsiahly a neobývaný, nová komplet rekonštrukcia", Bratislava-Dúbravka  Janka Alexyho,233 500 
https://www.reality.sk//byty/comfort-living-ponuka-byvanie-ako-v-dovolenkovom-rezorte/JuRmXjJ2r5j/,COMFORT LIVING ponúka - Bývanie ako v DOVOLENKOVOM REZORTE, Bratislava-Ružinov ,195 000 
https://www.reality.sk//byty/exkluzivna-ponuka-2-izbovy-byt-v-novostavbe-v-srdci-stareho-mesta/JuH13xC_YtV/,Exkluzívna ponuka - 2-izbový byt v novostavbe v srdci Starého Mesta, Bratislava-Staré Mesto  Obchodná,
https://www.reality.sk//byty/3vila-ema-4-izbovy-byt-v-novostavbe-2-garazove-statia-v-cene/JuEqch5zbFR/,"3Vila EMA, 4 izbový byt v novostavbe, 2 garážové státia v cene", Bratislava-Vajnory  Tibenského,349 000 
https://www.reality.sk//byty/3-izbovy-novostavba-ruzinov-vo-vystavbe/Ju4YGC-RBft/,"3 izbový, novostavba, Ružinov VO VÝSTAVBE", Bratislava-Ružinov  Ružová dolina,329 000 
https://www.reality.sk//byty/penthousovy-3-izbovy-byt-v-starom-meste/JuGnOcH3Eee/,Penthousový 3 izbový byt v Starom meste, Bratislava-Staré Mesto  Ľadová,569 000 
https://www.reality.sk//byty/ponukame-vam-2-izbovu-jednotku-s-predzahradkou/JupiJngiBMx/,Ponúkame Vám 2 izbovú jednotku s predzáhradkou, Bratislava-Staré Mesto  Ľadová,249 000 
https://www.reality.sk//byty/klimatizovany-4i-byt-s-terasou-v-nadstavbe-r-2006-117m2-pri-medickej-zahrade-stare-mesto/JunQOEm445i/,"Klimatizovaný 4i. byt S TERASOU v nadstavbe r.2006, 117m2, pri MEDICKEJ ZÁHRADE / STARÉ MESTO.", Bratislava-Staré Mesto  Záhradnícka,389 000 
https://www.reality.sk//byty/2-izbovy-byt-na-predaj-v-eurovea-2/JuRwz47FSJd/,2 izbovy byt na predaj v EUROVEA 2, Bratislava-Staré Mesto  Pribinova,425 000 
https://www.reality.sk//byty/dvojizbovy-bezbarierovy-byt-na-predaj-v-ruzinove/Ju3LxRAFDoY/,Dvojizbový bezbariérový byt na predaj v Ružinove, Bratislava-Ružinov  Vlčie hrdlo,125 000 
https://www.reality.sk//byty/moderny-luxusny-trojizbovy-byt-v-dubravke/Ju3Zi9yvHs1/,Moderný luxusný trojizbový byt v Dúbravke, Bratislava-Dúbravka  Martina Granca,299 000 
https://www.reality.sk//byty/na-predaj-1-izb-byt-novy-ruzinov-parkovacie-statie-klimatizacia/Ju2NV1z8c6F/,"Na predaj 1 izb. byt, Nový Ruzinov, PARKOVACIE STÁTIE, klimatizácia", Bratislava-Ružinov  Bajkalská,129 000 
https://www.reality.sk//byty/predaj-priestranneho-3-izb-bytu-s-parkovacim-miestom-majoranova-ul-ba-ii-vrakuna/JuWNyVTyMEE/,"Predaj priestranného 3-izb.bytu s parkovacím miestom, Majoránova ul., BA II - Vrakuňa", Bratislava-Vrakuňa ,219 900 
https://www.reality.sk//byty/novostavba-3-izb-pri-lese-ul-martina-granca-garazove-statie-klimatizacia/JuKxZfQLLDj/,"Novostavba 3 izb. - pri LESE, ul. Martina Granca, Garážové státie, Klimatizácia", Bratislava-Dúbravka  Martina Granca,299 900 
https://www.reality.sk//byty/apollo-residence-skolaudovane-byty-v-lukrativnej-casti-bratislavy/JuB29j7oAUP/,Apollo Residence - SKOLAUDOVANÉ byty v lukratívnej časti Bratislavy, Bratislava-Staré Mesto  Chalupkova,185 700 
https://www.reality.sk//byty/predaj-exkluzivneho-2-izboveho-atelieru-v-projekte-eurovea-tower/Juou_LkGHNA/,Predaj exkluzívneho 2-izbového ateliéru v projekte EUROVEA TOWER, Bratislava-Staré Mesto  Pribinova,405 000 
https://www.reality.sk//byty/comfort-living-ponuka-krasne-zrekonstruovany-este-neobyvany-2-izbovy-byt/Ju6aChuGoTl/,COMFORT LIVING ponúka - Krásne zrekonštruovaný ešte neobývaný 2 izbový byt, Bratislava-Dúbravka  Fedákova,189 990 
https://www.reality.sk//byty/rezervovany-prestizny-3-izb-bytu-v-panorama-city-towers/Jupt7q5lEcA/,REZERVOVANY! Prestížny 3-izb bytu v PANORAMA CITY/TOWERS, Bratislava-Staré Mesto  Landererova,479 000 
https://www.reality.sk//byty/exkluzivne-na-predaj-kompletne-zariadeny-svetly-1-izbovy-byt-v-tichej-casti-na-zaciatku-dubravky-na-skok-do-lesa-idealny-pre-mladeho-cloveka-ci-mlady-par/JusZrvha8eu/,"Exkluzívne na predaj kompletne zariadený svetlý 1-izbový byt  v tichej časti na začiatku Dúbravky, na skok do lesa. Ideálny pre mladého človeka či mladý pár.", Bratislava-Dúbravka  Považanova,118 900 
https://www.reality.sk//byty/predaj-exkluzivneho-2-izboveho-bytu-v-projekte-eurovea-2-riverside/JuQt1u7rHWI/,Predaj exkluzívneho 2-izbového bytu v projekte Eurovea 2- Riverside, Bratislava-Staré Mesto  Pribinova,340 000 
https://www.reality.sk//byty/predaj-3i-byt-v-novostavbe-s-terasou-a-2-parkovacimi-statiami-v-projekte-tarjanne-dubravka/JuGf-C6YMp-/,"Predaj - 3i byt v novostavbe s terasou a 2 parkovacími státiami, v projekte TARJANNE DÚBRAVKA", Bratislava-Dúbravka  Martina Granca,399 900 
https://www.reality.sk//byty/pozrite-si-kompletne-prerobeny-2-i-byt-zariadenie-v-cene-3d-obhliadka/Ju1OPhd6dJO/,"Pozrite si KOMPLETNE PREROBENÝ 2 i BYT, ZARIADENIE v CENE,3D OBHLIADKA", Bratislava-Vrakuňa  Stavbárska,120 000 
https://www.reality.sk//byty/arvin-benet-kompletne-zariadeny-2i-byt-v-novostavbe/Ju-62Zlp7bj/,Arvin & Benet | Kompletne zariadený 2i byt v novostavbe, Bratislava-Karlova Ves  Kresánkova,185 000 
https://www.reality.sk//byty/arvin-benet-prvotriedny-a-dizajnovy-byt-pri-lese-v-ziadanej-novostavbe-tarjanne/JuCjW8xspwk/,Arvin & Benet | Prvotriedny a dizajnový byt pri lese v žiadanej novostavbe Tarjanne, Bratislava-Dúbravka  Ulica Martina Granca,239 000 
https://www.reality.sk//byty/3-izb-byt-ba-obchodna/JuIDWFVrSN7/,"3-IZB. BYT – BA, OBCHODNÁ", Bratislava-Staré Mesto  Obchodná,225 000 
https://www.reality.sk//byty/five-star-residence-2-i-byt-68-m2-8-p-vynimocny-velkometrazny-byt/JuA2OeQheWR/,"FIVE STAR RESIDENCE, 2-i byt, 68 m2, 8.p.- VÝNIMOČNÝ veľkometrážny byt", Bratislava-Staré Mesto  Námestie slobody,312 000 
https://www.reality.sk//byty/pozrite-si-kompletne-prerobeny-2-i-byt-zariadenie-v-cene-3d-obhliadka/Ju1OPhd6dJO/,"Pozrite si KOMPLETNE PREROBENÝ 2 i BYT, ZARIADENIE v CENE,3D OBHLIADKA", Bratislava-Vrakuňa  Stavbárska,120 000 
https://www.reality.sk//byty/arvin-benet-kompletne-zariadeny-2i-byt-v-novostavbe/Ju-62Zlp7bj/,Arvin & Benet | Kompletne zariadený 2i byt v novostavbe, Bratislava-Karlova Ves  Kresánkova,185 000 
https://www.reality.sk//byty/arvin-benet-prvotriedny-a-dizajnovy-byt-pri-lese-v-ziadanej-novostavbe-tarjanne/JuCjW8xspwk/,Arvin & Benet | Prvotriedny a dizajnový byt pri lese v žiadanej novostavbe Tarjanne, Bratislava-Dúbravka  Ulica Martina Granca,239 000 
https://www.reality.sk//byty/3-izb-byt-ba-obchodna/JuIDWFVrSN7/,"3-IZB. BYT – BA, OBCHODNÁ", Bratislava-Staré Mesto  Obchodná,225 000 
https://www.reality.sk//byty/five-star-residence-2-i-byt-68-m2-8-p-vynimocny-velkometrazny-byt/JuA2OeQheWR/,"FIVE STAR RESIDENCE, 2-i byt, 68 m2, 8.p.- VÝNIMOČNÝ veľkometrážny byt", Bratislava-Staré Mesto  Námestie slobody,312 000 
https://www.reality.sk//byty/five-star-residence-2-i-byt-68-m2-7-p-vynimocny-velkometrazny-byt/Ju3Mn3EnBxj/,"FIVE STAR RESIDENCE, 2-i byt, 68 m2, 7.p.- VÝNIMOČNÝ veľkometrážny byt", Bratislava-Staré Mesto  Námestie slobody,312 000 
https://www.reality.sk//byty/zehnhaus-cele-podlazie-193-m2-unikatna-ponuka-v-historickej-budove/JusbCAR0nBN/,"ZEHNHAUS, celé podlažie, 193 m2 – UNIKÁTNA PONUKA v historickej budove", Bratislava-Staré Mesto  Palárikova,348 500 
https://www.reality.sk//byty/zochova-4-izby-128-m2-zrekonstruovany-byt-pri-slubekovej-zahrade/Juwxm5WfVBU/,"ZOCHOVA - 4 izby, 128 m2 - ZREKONŠTRUOVANÝ byt pri SLUBEKOVEJ ZÁHRADE", Bratislava-Staré Mesto  Zochova,550 000 
https://www.reality.sk//byty/zahorska-bystrica-3-i-byt-90-m2-velkometrazny-byt-krasna-lokalita/Ju90w9OXWkA/,"ZÁHORSKÁ BYSTRICA, 3-i byt, 90 m2 – veľkometrážny byt, KRÁSNA LOKALITA", Bratislava-Záhorská Bystrica  Donská,198 900 
https://www.reality.sk//byty/five-star-residence-dva-2-i-byty-68m2-vynimocne-velkometrazne-byty/Judin8YQ6eN/,"FIVE STAR RESIDENCE, dva 2-i byty, 68m2 - VÝNIMOČNÉ veľkometrážne byty", Bratislava-Staré Mesto  Námestie slobody,312 000 
https://www.reality.sk//byty/zahradnicka-3-i-byt-79-m2-tehla-pri-mileticke-parkovanie-vo-dvore/JuVTO0dysG4/,"ZÁHRADNÍCKA, 3-i byt, 79 m2 – tehla,PRI MILETIČKE, parkovanie vo dvore", Bratislava-Ružinov  Záhradnícka,284 500 
https://www.reality.sk//byty/zehnhaus-cele-podlazie-193-m2-unikatna-ponuka-v-historickej-budove/Jujl3rWmAoU/,"ZEHNHAUS, celé podlažie, 193 m2 – UNIKÁTNA PONUKA v historickej budove", Bratislava-Staré Mesto  Palárikova,348 500 
https://www.reality.sk//byty/skvely-2i-byt-predaj-pri-oc-central-sirsie-centrum-tehla-kupou-volny/JuddWo2tHTq/,>>>>skvelý 2i byt - PREDAJ - pri OC CENTRÁL- širšie centrum - TEHLA >>> KÚPOU VOĽNÝ, Bratislava-Staré Mesto  bartoskova,183 200 
https://www.reality.sk//byty/skvely-2i-byt-skvela-lokalita-sirsie-centrum-tehla-nova-rekonstrukcia/JuGshcWnQM6/,>>>>skvelý 2i byt - skvelá lokalita - širšie centrum - TEHLA >>> nová rekonštrukcia, Bratislava-Ružinov  bartoskova,183 200 
https://www.reality.sk//byty/krasny-svetly-2i-byt-pri-oc-central-sirsie-centrum-tehla-predaj/Juqv0l-ZzyQ/,>>>>krásny svetlý  2i byt - pri OC CENTRÁL- širšie centrum - TEHLA - predaj, Bratislava-Nové Mesto  Bartoškova,183 200 
https://www.reality.sk//byty/tehlovy-4-izbovy-byt-predaj-2min-od-jazera-strkovec-ruzinov-kompletna-rekonstrukcia-kupou-volny/JukBd0OqUr3/,>>>>TEHLOVÝ 4-izbový byt - predaj - 2min. od jazera Štrkovec - Ružinov - KOMPLETNÁ REKONŠTRUKCIA -  kúpou voľný, Bratislava-Ružinov  Herlianska,245 300 
https://www.reality.sk//byty/tehlovy-4-izbovy-byt-predaj-2min-od-jazera-strkovec-ruzinov-kompletna-rekonstrukcia-kupou-volny/Ju8cx5YdB1V/,>>>>TEHLOVÝ 4-izbový byt - predaj - 2min. od jazera Štrkovec - Ružinov - KOMPLETNÁ REKONŠTRUKCIA -  kúpou voľný, Bratislava-Ružinov  Herlianska,245 300 
https://www.reality.sk//byty/arvin-benet-vyborna-investicia-krasny-zariadeny-byt-v-nadstavbe/JugtJMaKMyJ/,"Arvin & Benet | Výborná investícia - krásny, zariadený byt v nadstavbe", Bratislava-Ružinov  Banšelova,109 000 
https://www.reality.sk//byty/amexa-predaj-3-izb-byt-96-m2-dobra-investicia-sukromy-vytah-centrum-tolsteho-stare-mesto/Ju28kMncntq/,"AMEXA » PREDAJ 3-izb. byt, 96 m2, dobrá investícia, súkromý výťah, centrum, Tolstého, Staré Mesto", Bratislava-Staré Mesto  Tolstého,354 900 
https://www.reality.sk//byty/amexa-predaj-2-izb-byt-54-m2-novostavba-loggia-bazova-6-centrum/Ju3Y0QbpsxW/,"AMEXA » PREDAJ 2-izb. byt, 54 m2, novostavba, loggia, Bazová 6, centrum", Bratislava-Ružinov  Bazová,
https://www.reality.sk//byty/amexa-real-na-predaj-4-izb-byt-v-luxusnom-komplexe-river-park-s-vyhladom-na-dunaj/JuPKW4zIYqX/,AMEXA REAL » NA PREDAJ 4-izb. byt v luxusnom komplexe RIVER PARK s výhľadom na Dunaj, Bratislava-Staré Mesto  Dvořakovo nábrežie,
https://www.reality.sk//byty/na-predaj-2-izbovy-byt-na-rezedovej-ulici-bratislava-ruzinov/Ju_Fs02rKEH/,"Na predaj 2 izbový byt na Rezedovej ulici, Bratislava - Ružinov", Bratislava-Ružinov  Rezedová,168 000 
https://www.reality.sk//byty/predaj-2-izb-byt-80-m2-terasa-12-m2-predzahradka-25-m2/JufKoDaKsl1/,PREDAJ - 2 izb. byt 80 m2 + terasa 12 m2 + predzáhradka 25 m2, Bratislava-Ružinov  Vietnamská,235 000 
https://www.reality.sk//byty/zrekonstruovany-1-izb-byt-s-balkonom-pri-zimnom-stadione-kalinciakova-ul/JuIMSPvm0bz/,"ZREKONŠTRUOVANÝ 1 IZB. BYT S BALKÓNOM PRI ZIMNOM ŠTADIÓNE, KALINČIAKOVA UL.", Bratislava-Nové Mesto  Kalinčiakova,132 900 
https://www.reality.sk//byty/sibirska-2-i-byt-54-m2-kompletna-vybavenost-elektricka-loggia-centrum-na-dosah/JumsBzGYsyK/,"SIBÍRSKA, 2-i byt, 54 m2 – kompletná VYBAVENOSŤ, električka, LOGGIA, CENTRUM na dosah", Bratislava-Staré Mesto  Sibírska,179 500 
https://www.reality.sk//byty/sibirska-2-i-byt-54-m2-kompletna-vybavenost-elektricka-loggia-centrum-na-dosah/Juwts81urwr/,"SIBÍRSKA, 2-i byt, 54 m2 – kompletná VYBAVENOSŤ, električka, LOGGIA, CENTRUM na dosah", Bratislava-Nové Mesto  Sibírska,179 500 
https://www.reality.sk//byty/novy-plne-zariadeny-3-izbovy-apartman-nuppu-magnolia-1/JuOSH4AjCYU/,Nový plne zariadený 3-izbový Apartman- NUPPU-Magnolia 1, Bratislava-Ružinov  Hraničná,239 900 
https://www.reality.sk//byty/reality-byvanie-byvajte-ako-v-rodinnom-dome-pokojne-byvanie-v-3-a-4i-dvojpodlaznych-bytoch-s-vlastnou-zahradou-a-parkingom-vo-vrakuni/JuRLwO0Chzb/,Reality & Bývanie: Bývajte ako v rodinnom dome! Pokojné bývanie v 3 a 4i dvojpodlažných bytoch s vlastnou záhradou a parkingom vo Vrakuni, Bratislava-Vrakuňa  Jazmínová,215 000 
https://www.reality.sk//byty/novy-plne-zariadeny-1-izbovy-apartman-nuppu-magnolia-1/JuGN3N7J8Z5/,Nový plne zariadený 1-izbový Apartman- NUPPU-Magnolia 1, Bratislava-Ružinov  Hraničná,112 900 
https://www.reality.sk//byty/byvanie-v-5i-a-4i-trojpodlaznych-bytoch-s-vlastnou-zahradou-vo-vrakuni-s-urokom-1-49/JuTlkW3BepR/,"Bývanie v 5i a 4i trojpodlažných bytoch s vlastnou záhradou vo Vrakuni s úrokom 1,49%!", Bratislava-Vrakuňa  Jazmínová,289 000 
https://www.reality.sk//byty/reality-byvanie-byvajte-ako-v-rodinnom-dome-pokojne-byvanie-v-4-a-3i-dvojpodlaznych-bytoch-s-vlastnou-zahradou-a-parkingom-vo-vrakuni/Juj4W_gFLgr/,Reality & Bývanie: Bývajte ako v rodinnom dome! Pokojné bývanie v 4 a 3i dvojpodlažných bytoch s vlastnou záhradou a parkingom vo Vrakuni, Bratislava-Vrakuňa  Jazmínová,245 000 
https://www.reality.sk//byty/reality-byvanie-byvajte-ako-v-rodinnom-dome-pokojne-byvanie-v-3i-dvojpodlaznom-byte-s-vlastnou-zahradou-a-parkingom-v-projekte-jazminova-alej/Juyiqz79lyu/,Reality & Bývanie: Bývajte ako v rodinnom dome! Pokojné bývanie v 3i dvojpodlažnom byte s vlastnou záhradou a parkingom v projekte Jazmínová alej, Bratislava-Vrakuňa  Jazmínová,256 000 
https://www.reality.sk//byty/predaj-slnecneho-vkusne-prerobeneho-3-izboveho-bytu-s-loggiou-na-ipelskej-ulici/JuHBLZM6vv0/,Predaj slnečného vkusne prerobeného 3 izbového bytu s loggiou na Ipeľskej ulici, Bratislava-Podunajské Biskupice  Ipeľská,179 000 
https://www.reality.sk//byty/byvanie-v-4i-a-5i-trojpodlaznych-bytoch-s-vlastnou-zahradou-vo-vrakuni-s-urokom-1-49/JuaF6TUL0bP_/,"Bývanie v 4i a 5i trojpodlažných bytoch s vlastnou záhradou vo Vrakuni s úrokom 1,49%!", Bratislava-Vrakuňa  Jazmínová,264 000 
https://www.reality.sk//byty/predaj-garsonka-s-vlastnym-parkovacim-miestom-ba-8211-stare-mesto/Ju416kGdc2s/,"PREDAJ, Garsónka s vlastným parkovacím miestom, BA &#8211; Staré mesto", Bratislava-Staré Mesto  Janáčkova,149 000 
https://www.reality.sk//byty/predaj-3-izbovy-byt-medzilaborecka-bratislava-ii-strkovec/JuWfeSxgYcl/,"Predaj 3 izbový byt Medzilaborecká, Bratislava II, Štrkovec", Bratislava-Ružinov  Medzilaborecká,199 000 
https://www.reality.sk//byty/predaj-3-izbovy-byt-s-loggiou-kozmonauticka-ulica-bratislava-ruzinov-expis-real/Ju9UAC4RPGl/,"PREDAJ 3 izbový byt s loggiou, Kozmonautická ulica, Bratislava Ružinov EXPIS REAL", Bratislava-Ružinov  Kozmonautická,155 000 
https://www.reality.sk//byty/predaj-2-izbovy-byt-s-loggiou-kozmonauticka-ulica-bratislava-ruzinov-expis-real/JuDp9RIkiW-/,"PREDAJ 2 izbový byt s loggiou, Kozmonautická ulica, Bratislava Ružinov EXPIS REAL", Bratislava-Ružinov  Kozmonautická,155 000 
https://www.reality.sk//byty/arvin-benet-skvela-investicna-prilezitost-3-nove-2i-byty-pri-steine/JuWL0B_rShg/,Arvin & Benet | Skvelá investičná príležitosť 3 nové 2i byty pri Steine, Bratislava-Nové Mesto  Jiskrova,439 000 
https://www.reality.sk//byty/arvin-benet-utulny-byt-blizko-slavina-ci-horskeho-parku/JueAIT9Ja4A/,Arvin & Benet | Útulný byt blízko Slavína či Horského parku, Bratislava-Staré Mesto  Mozartova,149 000 
https://www.reality.sk//byty/predaj-2i-byt-trebisovska-ulica-bratislava-ruzinov/JuzmhJ7svjq/,"Predaj 2i byt, Trebišovská ulica, Bratislava-Ružinov", Bratislava-Ružinov  Trebišovská,152 000 
https://www.reality.sk//byty/predam-2-izbovy-60-5-m2-byt-vo-vybornej-lokalite-podunajskych-biskupic/JuvjpE_fgu6/,"Predám 2-izbový 60,5 m2 byt vo výbornej lokalite Podunajských Biskupíc", Bratislava-Podunajské Biskupice  Baltská,165 000 
https://www.reality.sk//byty/prakticky-novy-2-izb-byt-v-ruzinove-projekt-moruse-ivanska-cesta-parking-v-cene-3d/JuwVaXF_7fG/,"PRAKTICKÝ NOVÝ 2 izb. BYT V RUŽINOVE, PROJEKT MORUŠE- IVÁNSKA CESTA , PARKING V CENE, 3D", Bratislava-Ružinov  Ivanská cesta,194 000 
https://www.reality.sk//byty/priestrany-3-5-izbovy-byt-s-dvomi-balkonmi-tehlovy-dom-s-vlastnym-dvorom-sirsie-centrum-lehockeho-u-3d/JulJ7oyAKpT/,"PRIESTRANÝ 3,5 izbový byt s DVOMI BALKÓNMI, TEHLOVÝ Dom s vlastným dvorom, ŠIRŠIE CENTRUM-Lehockého u., 3D", Bratislava-Staré Mesto  Lehockého,299 000 
https://www.reality.sk//byty/155m2-4-i-mezonet-s-2-terasami-alternativa-k-novemu-ruzinovu/Ju1o3Sl_zvE/,"155m2 4 i MEZONET s 2 TERASAMI, ALTERNATÍVA k NOVÉMU RUŽINOVU", Bratislava-Ružinov  Bajkalská,299 800 
https://www.reality.sk//byty/centrum-mesta-4-samostatne-izby-3d-obhliadka-aj-ako-investicia/Ju5SOEvRy7U/,"CENTRUM MESTA, 4 SAMOSTATNÉ IZBY, 3D OBHLIADKA, AJ AKO INVESTÍCIA", Bratislava-Staré Mesto  Cintorínska,
https://www.reality.sk//byty/vyborna-ponuka-3d-obhliadka-2-i-byt-centrum-mesta-investicia/JuDj2ig7BfH/,"VÝBORNÁ PONUKA, 3D OBHLIADKA, 2 i BYT, CENTRUM MESTA, INVESTÍCIA", Bratislava-Staré Mesto  Cintorínska,
https://www.reality.sk//byty/vynimocny-2-izbovy-byt-vo-vysokom-standarde-s-garazovym-parkovanim-koliba-belaria-ihned-volny/JudryaZjvOu/,Výnimočný 2-izbový byt vo vysokom štandarde s garážovým parkovaním | Koliba BELARIA | IHNEĎ VOĽNÝ, Bratislava-Nové Mesto  Svätovavrinecká,285 000 
https://www.reality.sk//byty/novostavba-bory-novy-dvor-uplne-novy-2-izb-byt-s-loggiou-a-s-park-miestom/JuDdeCLj3vA/,** NOVOSTAVBA BORY NOVÝ DVOR ** Úplne nový 2 izb. byt s loggiou a s park. miestom, Bratislava-Devínska Nová Ves  Michala Bučiča,172 000 
https://www.reality.sk//byty/3-nepriechodne-izby-samostatna-kuchyna-2x-wc-idealny-ako-investicia-na-airbnb/Jub1Sps31Af/,"3 nepriechodné izby, samostatná kuchyňa, 2x wc, ideálny ako INVESTÍCIA na AIRBNB", Bratislava-Staré Mesto  Krížna,282 000 
https://www.reality.sk//byty/na-predaj-vhodne-rieseny-1i-byt-v-novostavbe-ruzinov/JuI4ospQjB7/,Na predaj vhodne riešený 1i byt v novostavbe - Ružinov, Bratislava-Ružinov  Ivanská cesta,124 990 
https://www.reality.sk//byty/na-predaj-jedinecny-4i-byt-vo-vyhladavanej-lokalite-noveho-mesta/JuFVGRhajkc/,Na predaj jedinečný 4i byt vo vyhľadávanej lokalite Nového Mesta, Bratislava-Nové Mesto  Škultétyho,409 000 
https://www.reality.sk//byty/na-predaj-vhodne-rieseny-3i-apartman-s-predzahradkou-v-novostavbe-raca/JuOQSG0hzbe/,Na predaj vhodne riešený 3i apartmán s predzáhradkou v novostavbe Rača, Bratislava-Rača  Sklabinská,258 800 
https://www.reality.sk//byty/na-predaj-1i-byt-v-novostavbe-ruzinov/Ju0zQmpQmSH/,Na predaj 1i byt v novostavbe Ružinov, Bratislava-Ružinov  Ivanská cesta,116 900 
https://www.reality.sk//byty/renatas-2izb-rustaveliho-ul-novostavba-radnicne-namestie/Juz7lTERB3d/,RENATAS - 2IZB. RUSTAVELIHO UL. NOVOSTAVBA RADNIČNÉ NÁMESTIE, Bratislava-Rača  Rustaveliho,214 900 
https://www.reality.sk//byty/1i-byt-38-m2-sliacska-sikovny-startovaci-byt-pod-vinohradmi/JuaKf5kkYPF/,1i byt ꓲ 38 m2 ꓲ SLIAČSKA ꓲ šikovný štartovací byt pod vinohradmi, Bratislava-Nové Mesto  Sliačska,144 900 
https://www.reality.sk//byty/2i-byt-49-m2-peknikova-vytvorte-si-byvanie-s-prijemnym-vyhladom/JuSDNazT7FB/,2i byt ꓲ 49 m2 ꓲ PEKNÍKOVA ꓲ vytvorte si bývanie s príjemným výhľadom, Bratislava-Dúbravka  Pekníkova,144 900 
https://www.reality.sk//byty/rezervovane-i-1i-byt-40-m2-michala-bucica-uplne-novy-byt-v-projekte-bory-home/JuVHQ3PwJIL/,REZERVOVANÉ I 1i byt ꓲ 40 m2 ꓲ MICHALA BUČIČA ꓲ úplne nový byt v projekte Bory Home, Bratislava-Devínska Nová Ves  Michala Bučiča,154 900 
https://www.reality.sk//byty/3i-byt-74-m2-mierova-krasne-svetly-byt-navyse-uplne-ako-novy/Ju3JWUmC5ej/,"3i byt ꓲ 74 m2 ꓲ MIEROVÁ ꓲ krásne svetlý byt, navyše úplne ako nový", Bratislava-Ružinov  Mierová,254 900 
https://www.reality.sk//byty/2i-byt-64-m2-sancova-priestranny-byt-medzi-trnavskym-a-racianskym-mytom/JuXa-kk_YGk/,2i byt ꓲ 64 m2 ꓲ ŠANCOVÁ ꓲ priestranný byt medzi Trnavským a Račianskym mýtom, Bratislava-Nové Mesto  Šancová,199 900 
https://www.reality.sk//byty/2i-byt-64-m2-sancova-priestranny-byt-medzi-trnavskym-a-racianskym-mytom/JuPT8OIKxO3/,2i byt ꓲ 64 m2 ꓲ ŠANCOVÁ ꓲ priestranný byt medzi Trnavským a Račianskym mýtom, Bratislava-Staré Mesto  Šancová,199 900 
https://www.reality.sk//byty/2-izbovy-zrekonstruovany-byt-v-tehlovom-dome/JuR-gtrz8Ye/,2-izbový zrekonštruovaný byt v tehlovom dome, Bratislava-Ružinov  Ostredková,179 000 
https://www.reality.sk//byty/ponukame-na-predaj-3-izbovy-byt-71-88m2-s-loggiou-v-oblubenej-lokalite-ul-lackova/JuDtfscQS84/,"Ponúkame na predaj 3-izbový byt 71,88m2 s loggiou v obľúbenej lokalite, ul. Lackova", Bratislava-Karlova Ves  Lackova,159 900 
https://www.reality.sk//byty/3-izbovy-drotarska-loggia-cez-cely-byt-vyhlad-tehla-lokalita-horsky-park/JummitkSwbk/,"3 izbový DROTÁRSKA  LOGGIA cez celý byt - VÝHĽAD - TEHLA, lokalita HORSKÝ PARK", Bratislava-Staré Mesto  Drotárska cesta,315 000 
https://www.reality.sk//byty/2-izb-byt-vajnorska-jazero-kuchajda-kompletne-zariadeny-tehla/Ju88qMLvzL-/,2 izb. byt VAJNORSKÁ - jazero KUCHAJDA - kompletne zariadený !!  - TEHLA !!, Bratislava-Nové Mesto  Vajnorská,154 000 
https://www.reality.sk//byty/luxusny-velkometrazny-4-izbovy-byt-s-dvomi-terasami-v-horskom-parku-mestske-vily-hrinovska/JuR_p2wxHv7/,Luxusný veľkometrážny 4 izbový byt s dvomi terasami v Horskom parku - Mestské vily Hriňovská, Bratislava-Staré Mesto  Hriňovská,1 100 000 
https://www.reality.sk//byty/berg-bauman-predpredaj-4-izbovy-byt-top-nove-mesto/JuP_xvdKCbF/,"Berg & Bauman - PREDPREDAJ - 4-izbový byt, TOP, NOVÉ MESTO,", Bratislava-Nové Mesto  Sibírska,209 990 
https://www.reality.sk//byty/na-hradnom-kopci-3-izbovy-byt-s-atmosferou-stareho-mesta-vyhlad-do-slubekovej-zahrady-loggia-aj-balkon/JufVu1FY_33/,"NA HRADNOM KOPCI 3 IZBOVÝ BYT S ATMOSFÉROU STARÉHO MESTA, VÝHĽAD DO SLUBEKOVEJ ZÁHRADY, LOGGIA AJ BALKÓN", Bratislava-Staré Mesto  Palisády,284 000 
https://www.reality.sk//byty/novo-zrekonstruovany-2-izbovy-byt-s-vyhladom-do-parku-v-krasnej-lokalite-na-hranici-starej-dubravky/JuH_EaMJA6r/,NOVO ZREKONŠTRUOVANÝ 2 IZBOVÝ BYT S VÝHĽADOM DO PARKU V KRÁSNEJ LOKALITE NA HRANICI STAREJ DÚBRAVKY, Bratislava-Dúbravka  Pekníkova,159 000 
https://www.reality.sk//byty/zrekonstruovany-1-izbovy-byt-v-dubravke-na-drobneho-ulici/Ju5fvqsO0dd/,Zrekonštruovaný 1 izbový byt v Dúbravke na Drobného ulici., Bratislava-Dúbravka  Drobného,119 000 
https://www.reality.sk//byty/priestranny-2-izbovy-byt-v-tehlovom-dome-s-vlastnou-kotolnou-a-dvorom-vo-vybornej-lokalite/JuMDuCwZRah/,PRIESTRANNÝ 2 IZBOVÝ BYT V TEHLOVOM DOME S VLASTNOU KOTOĽŇOU A DVOROM VO VÝBORNEJ LOKALITE, Bratislava-Nové Mesto  Česká,217 500 
https://www.reality.sk//byty/na-brehu-dunaja-krasny-3-izbovy-staromestsky-byt-so-zahradou-a-dalsim-nebytovym-priestorom/Ju9p1Oa6vFn/,NA BREHU DUNAJA KRÁSNY 3 IZBOVÝ STAROMESTSKÝ BYT SO ZÁHRADOU A ĎALŠÍM NEBYTOVÝM PRIESTOROM, Bratislava-Staré Mesto  Vajanského nábrežie,449 000 
https://www.reality.sk//byty/na-hradnom-kopci-3-izbovy-byt-s-atmosferou-stareho-mesta-vyhlad-do-slubekovej-zahrady-loggia-aj-balkon/JufVu1FY_33/,"NA HRADNOM KOPCI 3 IZBOVÝ BYT S ATMOSFÉROU STARÉHO MESTA, VÝHĽAD DO SLUBEKOVEJ ZÁHRADY, LOGGIA AJ BALKÓN", Bratislava-Staré Mesto  Palisády,284 000 
https://www.reality.sk//byty/novo-zrekonstruovany-2-izbovy-byt-s-vyhladom-do-parku-v-krasnej-lokalite-na-hranici-starej-dubravky/JuH_EaMJA6r/,NOVO ZREKONŠTRUOVANÝ 2 IZBOVÝ BYT S VÝHĽADOM DO PARKU V KRÁSNEJ LOKALITE NA HRANICI STAREJ DÚBRAVKY, Bratislava-Dúbravka  Pekníkova,159 000 
https://www.reality.sk//byty/zrekonstruovany-1-izbovy-byt-v-dubravke-na-drobneho-ulici/Ju5fvqsO0dd/,Zrekonštruovaný 1 izbový byt v Dúbravke na Drobného ulici., Bratislava-Dúbravka  Drobného,119 000 
https://www.reality.sk//byty/priestranny-2-izbovy-byt-v-tehlovom-dome-s-vlastnou-kotolnou-a-dvorom-vo-vybornej-lokalite/JuMDuCwZRah/,PRIESTRANNÝ 2 IZBOVÝ BYT V TEHLOVOM DOME S VLASTNOU KOTOĽŇOU A DVOROM VO VÝBORNEJ LOKALITE, Bratislava-Nové Mesto  Česká,217 500 
https://www.reality.sk//byty/na-brehu-dunaja-krasny-3-izbovy-staromestsky-byt-so-zahradou-a-dalsim-nebytovym-priestorom/Ju9p1Oa6vFn/,NA BREHU DUNAJA KRÁSNY 3 IZBOVÝ STAROMESTSKÝ BYT SO ZÁHRADOU A ĎALŠÍM NEBYTOVÝM PRIESTOROM, Bratislava-Staré Mesto  Vajanského nábrežie,449 000 
https://www.reality.sk//byty/klimatizovany-1-izbovy-byt-po-kompletnej-rekonstrukcii-v-prijemnom-prostredi-dubravky/JuyeyHWLYqm/,Klimatizovaný 1 izbový byt po kompletnej rekonštrukcii v príjemnom prostredí Dúbravky, Bratislava-Dúbravka  Drobného,123 000 
https://www.reality.sk//byty/graft-ponuka-2-izb-byt-ul-tranovskeho/Julfm12ARa8/,GRAFT ponúka 2-izb. byt ul. Tranovského, Bratislava-Dúbravka  Tranovského,164 990 
https://www.reality.sk//byty/predane-4izb-byt-s-priestrannou-loggiou-v-krasnom-prostredi-plnom-zelene-vhodny-na-rekonstrukciu-na-pupavovej-ulici/JulBbWSL2fP/,=PREDANÉ=4izb byt s priestrannou loggiou v krásnom prostredí plnom zelene vhodný na rekonštrukciu na Púpavovej ulici, Bratislava-Karlova Ves  Púpavova,205 000 
https://www.reality.sk//byty/4-izb-byt-kazanska-s-vyhladom-na-karpaty/Ju39NDhOnGR/,4 izb. byt  Kazanská s výhľadom na Karpaty, Bratislava-Podunajské Biskupice  Kazanská,259 000 
https://www.reality.sk//byty/ponukame-na-predaj-zariadeny-3-izbovy-byt-v-lamaci-na-ulici-bakosova-po-kompletnej-rekonstrukcii/JuVAhPt-lBI/,Ponúkame  na predaj  ZARIADENÝ 3 izbový  byt v Lamači na ulici Bakošová   po kompletnej rekonštrukcii., Bratislava-Karlova Ves  Bakošová,250 000 
https://www.reality.sk//byty/axis-real-2-i-byt-tehla-velka-terasa-krasny-vyhlad-kresankova/JuTaHREY7NA/,"AXIS REAL | 2-i. byt, TEHLA, veľká TERASA, krásny VÝHĽAD, Kresánkova", Bratislava-Karlova Ves  Kresánkova,229 000 
https://www.reality.sk//byty/axis-real-slnecny-3-izbovy-byt-74-m2-s-lodziou-v-povodnom-stave/Ju7pyQw5SV2/,AXIS REAL | Slnečný 3-izbový byt (74 m2) s LODŽIOU v PÔVODNOM STAVE, Bratislava-Podunajské Biskupice  Bieloruská,169 000 
https://www.reality.sk//byty/axis-real-3-izbovy-byt-novostavba-ba-ii-pb-ligurcekova-ulica/JuPav6Q29ZP/,"AXIS REAL | 3-izbový byt NOVOSTAVBA, BA II. PB, Ligurčekova ulica", Bratislava-Podunajské Biskupice  Ligurčekova,260 000 
https://www.reality.sk//byty/axis-real-4-izbovy-byt-126-m2-v-historickom-dome-na-ulici-palisady/Ju61Ylo_64Q/,AXIS REAL | 4-izbový byt (126 m2) v historickom dome na ulici Palisády, Bratislava-Staré Mesto  Palisády,495 000 
https://www.reality.sk//byty/axis-real-vyborna-lokalita-pri-oc-entral-ba-ii-nivy-levicka-ul/Ju-ktbTaqhez/,"AXIS REAL | VÝBORNÁ LOKALITA pri OC ENTRAL, BA II. NIVY, Levická ul.", Bratislava-Ružinov  Levická,309 000 
https://www.reality.sk//byty/axis-real-velky-3-izb-byt-s-lodziou-a-balkonom-ba-iv-pod-zahradami/JuoEYFIVkLa/,"AXIS REAL | Veľký 3-izb.byt s LODŽIOU a BALKÓNOM, BA IV. Pod záhradami", Bratislava-Dúbravka  Pod záhradami,360 000 
https://www.reality.sk//byty/axis-real-2-izb-byt-tepelne-cerpadlo-balkon-ba-ii-pb-podunajska/JuJB0gvY2t5/,"AXIS REAL | 2-izb.byt, TEPELNÉ ČERPADLO, BALKÓN, BA II. PB, Podunajská", Bratislava-Podunajské Biskupice  Podunajská,185 000 
https://www.reality.sk//byty/axis-real-slnecny-2-izb-byt-pivnica-vo-vybornej-lokalite-adamiho/JuRfLT1NRMg/,"AXIS REAL | Slnečný 2-izb. byt + PIVNICA vo výbornej lokalite, Adámiho", Bratislava-Karlova Ves  Adámiho,142 000 
https://www.reality.sk//byty/1-izbovy-byt-novostavba-pristavna-ul/JuMCBsIGzHd/,"1 izbový BYT, NOVOSTAVBA Prístavná ul.", Bratislava-Ružinov  Mlynské nivy,225 000 
https://www.reality.sk//byty/moderny-2-izbovy-byt-na-predaj/Ju1gxzkGSQv/,Moderný 2-izbový byt na predaj, Bratislava-Ružinov  Mlynské nivy,200 000 
https://www.reality.sk//byty/reb-sk-predaj-zaujimavy-mezonet-105-m2-vajnorska-ul-nove-mesto-ba-iii/JurY4Nbtuub/,"REB.sk Predaj zaujímavý mezonet 105 m2,Vajnorská ul, Nové Mesto,BA III", Bratislava-Nové Mesto  Vajnorská,309 000 
https://www.reality.sk//byty/predaj-2-izbovy-byt-65-m2-eurovea-pribinova-ul-stare-mesto-bai/JuTJHFGF7iD/,"Predaj 2 izbový byt, 65 m2, Eurovea, Pribinova ul, Staré mesto, BAI.", Bratislava-Staré Mesto  Pribinova,
https://www.reality.sk//byty/herrys-na-predaj-3-izbovy-byt-v-projekte-gastanova-rezidencia-horsky-park/JucKLVGPw2q/,HERRYS - Na predaj 3-izbový byt v projekte Gaštanová/Rezidencia Horský park, Bratislava-Staré Mesto  Gaštanová,440 000 
https://www.reality.sk//byty/herrys-na-predaj-3-izbovy-byt-s-dvomi-predzahradkami-v-projekte-gastanova-rezidencia-horsky-park/JugUug2hN4e/,HERRYS - Na predaj 3-izbový byt s dvomi predzáhradkami v projekte Gaštanová/Rezidencia Horský park, Bratislava-Staré Mesto  Gaštanová,499 000 
https://www.reality.sk//byty/herrys-na-predaj-2-izbovy-byt-s-balkonom-v-novom-rezidencnom-projekte-pod-vinicou/JuE2RkPbpy5/,HERRYS - Na predaj 2 izbový byt s balkónom v novom rezidenčnom projekte Pod Vinicou, Bratislava-Nové Mesto  Skalická cesta,251 700 
https://www.reality.sk//byty/herrys-na-predaj-rozlahly-byt-na-rohu-venturskej-a-panskej/JuJj7P6JIwg/,HERRYS - na predaj rozľahlý byt na rohu Ventúrskej a Panskej, Bratislava-Staré Mesto  Ventúrska,
https://www.reality.sk//byty/herrys-na-predaj-3-izbovy-byt-v-dubravke/JuiNUiyCKok/,HERRYS - Na predaj 3-izbový byt v Dúbravke, Bratislava-Dúbravka  Dúbravčická,205 000 
https://www.reality.sk//byty/herrys-na-predaj-klasika-na-rohu-venturskej-a-panskej/JuW7AFu0ZZk/,HERRYS - na predaj klasika na rohu Ventúrskej a Panskej., Bratislava-Staré Mesto  Ventúrska,
https://www.reality.sk//byty/prijemny-3-izb-byt-so-zariadenim-rajecka-ul-pri-pesej-zone-vo-vrakuni/JuXK2PTW_td/,"PRÍJEMNÝ 3-IZB.BYT SO ZARIADENÍM, RAJECKÁ UL., PRI PEŠEJ ZÓNE VO VRAKUNI", Bratislava-Vrakuňa  Rajecká,159 000 
https://www.reality.sk//byty/vyhodny-investicny-byt-nizke-mesacne-naklady-vyborna-lokalita-ruzinov-nivy/Juld1FB8s4i/,"VÝHODNÝ INVESTIČNÝ BYT, NÍZKE MESAČNÉ NÁKLADY, VÝBORNÁ LOKALITA-RUŽINOV, NIVY", Bratislava-Ružinov  Martinčekova,85 000 
https://www.reality.sk//byty/predaj-2-izbovy-byt-nove-mesto-ceska-ul-tehla-sirsie-centrum/JutQ7mbCTOT/,"Predaj - 2. izbový byt, Nové Mesto, Česká ul., tehla, širšie centrum.", Bratislava-Nové Mesto  Česká,165 000 
https://www.reality.sk//byty/3-izb-slnecny-byt-s-balkonom-a-loggiou-na-sibirskej-ul/Ju-G1aCf37I/,"3 izb. slnečný  byt, s balkónom a loggiou na SIBÍRSKEJ  ul.", Bratislava-Nové Mesto  Sibírska,220 000 
https://www.reality.sk//byty/2-izbovy-byt-s-loggiou-sutazna-top-lokalita-500-bytov-nivy-ruzinov-ba-ii-kompletna-rekonstrukcia/Jup6WCGxCfq/,"2-izbový byt s loggiou, Súťažná, TOP lokalita! 500 bytov, Nivy, Ružinov, BA II. Kompletná rekonštrukcia.", Bratislava-Ružinov  Súťažná,264 000 
https://www.reality.sk//byty/nido-2-izbovy-byt-na-13-poschodi-s-panoramatickym-vyhladom/Jut8nSa_H2J/,NIDO - 2 izbový byt na 13. poschodí s panoramatickým výhľadom, Bratislava-Nové Mesto  Tomášikova,284 900 
https://www.reality.sk//byty/predaj-3-izbovy-byt-s-balkonom-karlova-ves/JunnQFSeaDb/,"PREDAJ, 3 izbový byt s balkónom, Karlova Ves", Bratislava-Karlova Ves  Hlaváčikova 2,229 000 
https://www.reality.sk//byty/arvin-benet-sukromie-zelen-a-kralovska-terasa/JuH8e6sN0pwT/,"Arvin & Benet | Súkromie, zeleň a kráľovská terasa", Bratislava-Nové Mesto  Riazanská,369 000 
https://www.reality.sk//byty/arvin-benet-svetla-vzdusna-novostavba-s-balkonom-a-skvelym-vyhladom/JulwAD6ZNHLT/,"Arvin & Benet | Svetlá, vzdušná novostavba s balkónom a skvelým výhľadom", Bratislava-Staré Mesto  Mýtna,299 000 
https://www.reality.sk//byty/arvin-benet-krasny-byt-a-skvostne-vyhlady-na-kamzik/Ju-Cve4i3Z8/,Arvin & Benet | Krásny byt a skvostné výhľady na Kamzík, Bratislava-Nové Mesto  Riazanská,335 000 
https://www.reality.sk//byty/4-i-byt-na-laurinskej-ulici-v-historickom-centre/JuHf2npTJ40/,4 i. byt na Laurínskej ulici v historickom centre, Bratislava-Staré Mesto  Laurinská,499 000 
https://www.reality.sk//byty/proxenta-2-izbovy-uplne-novy-byt-s-nadhernym-vyhladom/JuGIkjRv9ni/,PROXENTA 2-izbový úplne nový byt s nádherným výhľadom, Bratislava-Staré Mesto  Mýtna,266 000 
https://www.reality.sk//byty/na-predaj-pekny-4-iz-byt-bratislava-ruzinov-haburska-ulica-68-m2/JuzuYNohLYA/,NA PREDAJ PEKNÝ 4 IZ.BYT BRATISLAVA RUŽINOV HABURSKÁ ULICA 68 m2, Bratislava-Ružinov  Haburská,249 990 
https://www.reality.sk//byty/na-predaj-3-iz-byt-bratislava-ruzinov-kompletna-rekonstrukcia-67-m2/JumyYZciMpx/,NA PREDAJ 3 IZ. BYT BRATISLAVA RUŽINOV KOMPLETNÁ REKONŠTRUKCIA 67 m2, Bratislava-Ružinov  Babuškova,249 990 
https://www.reality.sk//byty/na-predaj-2-izbovy-byt-bratislava-nove-mesto-tupeho-ulica-balkon-parking-115-m2/Juqu_LGfKjT/,NA PREDAJ 2 IZBOVÝ BYT BRATISLAVA NOVÉ MESTO TUPÉHO ULICA BALKÓN PARKING 115 m2, Bratislava-Nové Mesto  Tupého,367 500 
https://www.reality.sk//byty/na-predaj-3-izbovy-byt-bratislava-nove-mesto-tupeho-ulica-balkon-parking-134-m2/JuXGpQe24Y7/,NA PREDAJ 3 IZBOVÝ BYT BRATISLAVA NOVÉ MESTO TUPÉHO ULICA BALKÓN PARKING 134 m2, Bratislava-Nové Mesto  Tupého,434 770 
https://www.reality.sk//byty/1-izbovy-byt-povodny-stav-dubravka-37m2/JuLA2oMMkrQ/,"1-IZBOVÝ BYT,PÔVODNÝ STAV,DÚBRAVKA,37m2", Bratislava-Dúbravka ,106 980 
https://www.reality.sk//byty/na-predaj-3-izbovy-byt-s-krasnym-vyhladom/JuoE8pnd-xo/,Na predaj 3-izbový byt s krásnym výhľadom, Bratislava-Ružinov  Hraničná,219 900 
https://www.reality.sk//byty/na-predaj-3-izbovy-byt-ruzinov-500-bytov/ReMjHzw74tf/,Na predaj 3-izbový byt Ruzinov 500 bytov, Bratislava-Ružinov ,270 000 
https://www.reality.sk//byty/na-predaj-priestranny-2-izb-byt-62-m2-so-zariadenim-na-ulici-obchodna-na-skok-do-centra-mesta/JugUfVwcsIb/,NA PREDAJ PRIESTRANNÝ 2 IZB.BYT 62 M2 SO ZARIADENÍM NA ULICI OBCHODNÁ NA SKOK DO CENTRA MESTA, Bratislava-Staré Mesto  Obchodná,199 500 
https://www.reality.sk//byty/na-predaj-priesranny-2-izb-byt-s-loggiou-v-stadiu-holobyt-ruzova-dolina-nivy-atraktivna-lokalita/JuFR-JMc-B9/,"NA PREDAJ PRIESRANNÝ 2 IZB.BYT S LOGGIOU, V ŠTÁDIU HOLOBYT, RUŽOVÁ DOLINA, NIVY, ATRAKTÍVNA LOKALITA", Bratislava-Ružinov  Ružova dolina,220 000 
https://www.reality.sk//byty/predaj-pekny-3izbovy-byt-po-rekonstrukcii-na-sibirskej-ul-bratislava-cast-nove-mesto/JuNQszaipin/,"PREDAJ!!! Pekný 3izbový byt po rekonštrukcii na Sibírskej ul., Bratislava časť Nové Mesto", Bratislava-Nové Mesto  Sibírska,220 000 
https://www.reality.sk//byty/ponukame-na-predaj-3i-byt-na-sibirskej-ul-bratislava-cast-nove-mesto/JuEuL5VS6JX/,"Ponúkame na predaj 3i byt na Sibírskej ul., Bratislava časť Nové Mesto", Bratislava-Nové Mesto  Sibírska,212 900 
https://www.reality.sk//byty/ponukame-na-predaj-3i-byt-na-sibirskej-ul-bratislava-cast-nove-mesto/JuAW-u9shke/,"Ponúkame na predaj 3i byt na Sibírskej ul., Bratislava časť Nové Mesto", Bratislava-Nové Mesto  Sibírska,212 900 
https://www.reality.sk//byty/arvin-benet-zariadena-novostavba-vo-vybornej-lokalite-s-vlastnym-parkingom/JuD51BqnzYc/,Arvin & Benet | Zariadená novostavba vo výbornej lokalite s vlastným parkingom, Bratislava-Podunajské Biskupice  Uzbecká,165 000 
https://www.reality.sk//byty/2-izbovy-byt-nivy-oproti-apollo-1/Jumi85zmBp1/,"2 izbový byt Nivy, oproti Apollo 1", Bratislava-Ružinov  Prievozská,222 000 
https://www.reality.sk//byty/aark-3-izbovy-byt-muskatova-bratislava-ii-ruzinov-travniky/JuXdSvW0r4Y/,"AARK: 3 izbový byt, Muškátova, Bratislava II. - RUŽINOV - TRÁVNIKY", Bratislava-Ružinov  Muškátová,197 000 
https://www.reality.sk//byty/byvajte-v-centre-niv-na-12-poschodi-s-krasnym-vyhladom/Ju94ZsqJ77i/,Bývajte v centre Nív na 12 poschodí s krásnym výhľadom, Bratislava-Ružinov  Jarabinková,451 000 
https://www.reality.sk//byty/b301-posledny-2i-v-projekte-hybesova-sk-s-parkovanim-vo-dvore/Juiljgvr-B6/,[B301] posledný 2i v projekte hybesova.sk s parkovaním vo dvore, Bratislava-Rača  Hybešova,144 400 
https://www.reality.sk//byty/prakticky-4izbovy-byt-s-vybornym-dispozicnym-riesenim/JuwsEoykjyE/,Praktický 4izbový byt s výborným dispozičným riešením, Bratislava-Ružinov  Goláňova,229 900 
https://www.reality.sk//byty/lukrativny-3-izbovy-byt-v-historickom-mestskom-dome-v-starom-meste-s-vlastnou-garazou-a-atelierom/Juu_vP2QFIp/,LUKRATÍVNY 3-IZBOVÝ BYT V HISTORICKOM MESTSKOM DOME V STAROM MESTE S VLASTNOU GARÁŽOU A ATELIÉROM, Bratislava-Staré Mesto  Čajkovského,499 000 
https://www.reality.sk//byty/airbnb-tehla-2i-byt-61-m2-ba-nove-mesto-ulica-ceska-tehla/JuL_FLUm2NJ/,"Airbnb, TEHLA, 2i byt 61 m2, BA-Nové Mesto ulica Česká, TEHLA", Bratislava-Nové Mesto ,209 980 
https://www.reality.sk//byty/trnavske-myto-airbnb-2i-byt-60-m2-ba-nove-mesto-ulica-ceska-tehla/Ju638g291-G/,"TRNAVSKÉ Mýto, Airbnb, 2i byt 60 m2, BA-Nové Mesto ulica Česká, TEHLA", Bratislava-Nové Mesto ,213 950 
https://www.reality.sk//byty/predaj-1-5-izbovy-byt-teplicka-ulica-bratislava-iii-nove-mesto/JuhgLYKeca7/,"PREDAJ  1,5 izbový byt Teplická ulica Bratislava III – Nové Mesto", Bratislava-Nové Mesto  Teplická,147 000 
https://www.reality.sk//byty/predaj-1-5-izbovy-byt-teplicka-ulica-bratislava-iii-nove-mesto/JursxbOCzch/,"PREDAJ  1,5 izbový byt Teplická ulica Bratislava III – Nové Mesto", Bratislava-Nové Mesto  Teplická,147 000 
https://www.reality.sk//byty/rado-novostavba-v-bratislavskom-downtown-1-5-izbovy-byt-52-m2/JuzF-AJ4V3_/,"RADO | Novostavba v Bratislavskom downtown 1,5 IZBOVÝ BYT | 52 m²", Bratislava-Ružinov  Prístavná,225 000 
https://www.reality.sk//byty/verdena-uzivajte-si-aktivny-oddych-na-skok-od-vasho-domova/JuyPlB8Ey7e/,Verdena - užívajte si aktívny oddych na skok od vášho domova!, Bratislava-Rača  Vrbenského,328 080 
https://www.reality.sk//byty/bezkonkurencna-zlava-na-2i-byty-vo-vyske-15-000/JuYxPPQvVnhG/,"Bezkonkurenčná zľava na 2i byty vo výške 15.000,- €", Bratislava-Rača  Sklabinská,166 304 
https://www.reality.sk//byty/ziskajte-posledne-byty-v-projekte-moruse-kde-je-miesto-prave-pre-vas/JucttYKx2dV/,"Získajte posledné byty v projekte MORUŠE, kde je miesto práve pre Vás.", Bratislava-Ružinov  Ivanská cesta,198 240 
https://www.reality.sk//byty/vynimocny-2-izbovy-byt-bratislava-ruzinov-herlianska/Jul9BUdh_o6/,"Výnimočný 2 izbový byt Bratislava-Ružinov,  Herlianska", Bratislava-Ružinov  Herlianska,222 000 
https://www.reality.sk//byty/predaj-utulneho-3-izb-bytu-s-velkou-loggiou-na-racianskej-ulici/Ju3t9K_zs5W/,Predaj útulného 3-izb. bytu s veľkou loggiou na Račianskej ulici, Bratislava-Nové Mesto  Račianska,195 000 
https://www.reality.sk//byty/3-izbovy-byt-v-strede-dlhych-dielov-na-ulici-tomankova/JuPOnpakHed/,3 – izbový byt v strede Dlhých Dielov  na ulici Tománkova, Bratislava-Karlova Ves  Tománkova,203 900 
https://www.reality.sk//byty/2-izbovy-byt-bratislava-lamac/JunWmOkGSVc/,2 - izbový byt Bratislava - Lamač, Bratislava-Lamač ,247 000 
https://www.reality.sk//byty/3-izbovy-byt-bratislava-ruzinov/Juzxh2KCKGY/,3 - izbový byt Bratislava - Ružinov, Bratislava-Ružinov ,289 900 
https://www.reality.sk//byty/1-izbovy-byt-bratislava-dubravka/JucgpKUAgG2/,1 - izbový byt Bratislava - Dúbravka, Bratislava-Dúbravka ,129 900 
https://www.reality.sk//byty/novostavba-novy-ruzinov-1-izbovy-byt-s-loggiou-na-bajkalskej-ulici/Jua3aR3TRH0/,Novostavba Nový Ružinov 1-izbový byt s loggiou na Bajkalskej ulici, Bratislava-Ružinov  Bajkalská,129 000 
https://www.reality.sk//byty/nivy-projekt-viktoria-kosicka-priestranny-2i-byt-s-loggiou-parkovacim-statim-na-kosickej-v-bratislave/JuW_ASmiv3IG/,"NIVY Projekt Viktória Košická - priestranný 2i byt s loggiou, parkovacím státím na Košickej v Bratislave", Bratislava-Ružinov  Košická,320 000 
https://www.reality.sk//byty/2-izbovy-byt-s-vyhladom-ruzinov/Ju0eqo9qcaO/,2 izbový byt s výhľadom - Ružinov, Bratislava-Ružinov  Martinčekova,169 900 
https://www.reality.sk//byty/vyborna-lokalita-nizke-naklady-3-5-izbovy-byt-s-2-loggiami-krasnym-vyhladom-na-bazovskeho-v-dubravke/JuZ2hqX09Gb/,"Výborná lokalita, nízke náklady 3,5 izbový byt s 2 loggiami, krásnym výhľadom na Bazovského v Dúbravke", Bratislava-Dúbravka  Bazovského,220 000 
https://www.reality.sk//byty/pekny-4izb-zavadska-78m2-p-5-6-po-rekonstrukcii-vyborna-lokalita/JurT4pEg8z3/,"Pekný 4izb. Závadská, 78m2, p. 5/6, po rekonštrukcii, výborná lokalita", Bratislava-Rača  Závadská,233 000 
https://www.reality.sk//byty/velky-2izb-rezedova-58m2-zvys-priz-samostatne-izby-satnik-super-lokalita/JubB_ISnzr8/,"Veľký 2izb. Rezedova, 58m2, zvýš.príz, samostatné izby, šatník, super lokalita", Bratislava-Ružinov  Rezedová,169 900 
https://www.reality.sk//byty/2izb-trebisovska-57m2-p-3-4-tehla-balkon-povodny-stav/Jupc-Fu13Eb/,"2izb, Trebišovská, 57m2, p.3/4, tehla, balkón, pôvodný stav", Bratislava-Ružinov  Trebišovská,155 000 
https://www.reality.sk//byty/2izb-slovanske-nabrezie-p-1-3-balkon-tehla-vlastny-kotol-povodny-stav-nizke-naklady/JuUT3Iqr4R2/,"2izb, Slovanské nábrežie, p.1/3, balkón, tehla, vlastný kotol, pôvodný stav, nízke náklady", Bratislava-Devín  Slovanské nábrežie,139 900 
https://www.reality.sk//byty/3d-prehliadka-predaj-198-m2-nebytovy-priestor-koliskova/Ju3CgDeD9hAi/,"3D prehliadka, predaj, 198 m2 nebytovy priestor, Kolísková", Bratislava-Karlova Ves  Kolískova,419 990 
https://www.reality.sk//byty/3d-prehliadka-3i-byt-obchodna-ulica-stare-mesto-bratislava-i/JuwPvnrMMBn/,"3D prehliadka, 3i byt, Obchodná ulica, Staré Mesto, Bratislava I", Bratislava-Staré Mesto  Obchodná,344 990 
https://www.reality.sk//byty/3d-prehliadka-predaj-2-izb-bytu-s-vytahom-a-balk-groesslingova-ba-i/JunjngTL7gM/,"3D prehliadka, predaj 2-izb. bytu s výťahom a balk, Grösslingova, BA I", Bratislava-Staré Mesto  Grösslingova,279 990 
https://www.reality.sk//byty/3d-prehliadka-2i-byt-pupavova-ulica-karlova-ves-bratislava/JuF4oE7VQ06/,"3D prehliadka, 2i byt, Púpavová ulica, Karlova Ves, Bratislava", Bratislava-Karlova Ves  Púpavová,144 990 
https://www.reality.sk//byty/predaj-utulny-3-izbovy-byt-so-70-m2-predzahradkou-novostavba-greenvia-zahorska-bystrica/JuQahKsaPX2/,"PREDAJ, ÚTULNÝ 3 IZBOVÝ BYT SO 70 m2 PREDZÁHRADKOU, NOVOSTAVBA GREENVIA, ZÁHORSKÁ BYSTRICA", Bratislava-Záhorská Bystrica  Pri Vápenickom Potoku,249 800 
https://www.reality.sk//byty/predaj-1-izbovy-byt-s-balkonom-ovocne-sady-ba-ruzinov/JuhkQFphRE8/,"PREDAJ, 1 izbový byt s balkónom, Ovocné sady , BA - Ružinov", Bratislava-Ružinov  Ivanská cesta,139 000 
https://www.reality.sk//byty/predaj-4-izbovy-apartman-s-3-terasami-eurovea-tower-ba-stare-mesto/JuyKI9LhbQp/,"PREDAJ, 4 IZBOVÝ APARTMÁN S 3 TERASAMI, EUROVEA TOWER, BA – STARÉ MESTO", Bratislava-Staré Mesto  Pribinova,1 225 000 
https://www.reality.sk//byty/2-izbovy-byt-podunajske-biskupice-parking/Ju8hXxNLoHj/,"2- izbový byt Podunajské Biskupice, parking", Bratislava-Podunajské Biskupice  Závodná,115 500 
https://www.reality.sk//byty/4-izbovy-byt-raca-vychodne-loggia-kupou-volny-89-m2/Ju51qPFhEp5/,"4 izbový byt, Rača - Východné, loggia, kúpou voľný, 89 m2", Bratislava-Rača  Na pasekách,199 900 
https://www.reality.sk//byty/na-mieru-zariadeny-2i-byt-v-novostavbe-tammi/JuSulscNIBs/,Na mieru zariadený 2i byt v novostavbe TAMMI, Bratislava-Dúbravka  Pri Hrubej lúke,219 900 
https://www.reality.sk//byty/2-izbovy-utulny-byt-v-tesnej-blizkosti-jazera-strkovec/JuKDXf7dJFa/,2 IZBOVÝ ÚTULNÝ BYT V TESNEJ BLÍZKOSTI JAZERA ŠTRKOVEC, Bratislava-Ružinov  Stropkovská,224 000 
https://www.reality.sk//byty/impreal-ruzinov-pekny-3-izb-byt-bez-nutnosti-akejkolvek-rekonstrukcie/JueS7SYtwu4_/,IMPREAL »»» Ružinov »» Pekný 3-izb. byt bez nutnosti akejkoľvek rekonštrukcie, Bratislava-Ružinov  Sklenárova,224 900 
https://www.reality.sk//byty/impreal-slnecny-1-izbovy-byt-kompletne-zariadeny-a-vymalovany-cena-89-900-eur-english-text-inside/JuOKSJnjZq6/,"IMPREAL »»» Slnečný 1-izbový byt » kompletne zariadený a vymaľovaný » cena 89.900,- EUR (English text inside)", Bratislava-Nové Mesto  Stará Vajnorská,89 900 
https://www.reality.sk//byty/arthur-byvanie-v-lukrativnej-casti-bratislavy-hradny-kopec/Ju6Kn6oMpgv/,ARTHUR - Bývanie v lukratívnej časti Bratislavy- hradný kopec, Bratislava-Staré Mesto  Na Štyridsiatku,2 009 700 
https://www.reality.sk//byty/arthur-utulny-2-i-byt-v-novostavbe-perla-ruzinova-kastielska-ul/JuRrPjvhf2-/,"ARTHUR - Útulný 2 i byt v novostavbe Perla Ružinova, Kaštielska ul.", Bratislava-Ružinov  Kaštieľska,184 000 
https://www.reality.sk//byty/2-izbovy-utulny-byt-v-tesnej-blizkosti-jazera-strkovec/JuKDXf7dJFa/,2 IZBOVÝ ÚTULNÝ BYT V TESNEJ BLÍZKOSTI JAZERA ŠTRKOVEC, Bratislava-Ružinov  Stropkovská,224 000 
https://www.reality.sk//byty/impreal-ruzinov-pekny-3-izb-byt-bez-nutnosti-akejkolvek-rekonstrukcie/JueS7SYtwu4_/,IMPREAL »»» Ružinov »» Pekný 3-izb. byt bez nutnosti akejkoľvek rekonštrukcie, Bratislava-Ružinov  Sklenárova,224 900 
https://www.reality.sk//byty/impreal-slnecny-1-izbovy-byt-kompletne-zariadeny-a-vymalovany-cena-89-900-eur-english-text-inside/JuOKSJnjZq6/,"IMPREAL »»» Slnečný 1-izbový byt » kompletne zariadený a vymaľovaný » cena 89.900,- EUR (English text inside)", Bratislava-Nové Mesto  Stará Vajnorská,89 900 
https://www.reality.sk//byty/arthur-byvanie-v-lukrativnej-casti-bratislavy-hradny-kopec/Ju6Kn6oMpgv/,ARTHUR - Bývanie v lukratívnej časti Bratislavy- hradný kopec, Bratislava-Staré Mesto  Na Štyridsiatku,2 009 700 
https://www.reality.sk//byty/arthur-utulny-2-i-byt-v-novostavbe-perla-ruzinova-kastielska-ul/JuRrPjvhf2-/,"ARTHUR - Útulný 2 i byt v novostavbe Perla Ružinova, Kaštielska ul.", Bratislava-Ružinov  Kaštieľska,184 000 
https://www.reality.sk//byty/arthur-virtualna-prehliadka-3izb-byt-francuzsky-balkon-dubravka-hanulova-ul/JuLGx0MAFR9/,"ARTHUR - VIRTUÁLNA PREHLIADKA - 3IZB. BYT + francúzsky balkón, Dúbravka, Hanulova ul.", Bratislava-Dúbravka  Hanulova,169 990 
https://www.reality.sk//byty/arthur-exkluzivne-byvanie-s-panoramatickym-vyhladom-na-hradnom-kopci/JuRjfcCKHdp/,ARTHUR - Exkluzívne bývanie  s panoramatickým výhľadom na hradnom kopci, Bratislava-Staré Mesto  Na Štyridsiatku,2 019 850 
https://www.reality.sk//byty/predpredaj-2-izboveho-apartmanu-winehills-apartman-a1-01/JuhUf3ohdfO/,Predpredaj 2-izbového apartmánu WineHills - Apartmán A1.01, Bratislava-Nové Mesto  Matúškova,234 900 
https://www.reality.sk//byty/predpredaj-4-izboveho-apartmanu-s-predzahradkou/JuKEhClC_25/,Predpredaj 4-izbového apartmánu s predzáhradkou, Bratislava-Nové Mesto  Matúškova,394 900 
https://www.reality.sk//byty/2-izbovy-byt-ktory-ma-potencial-stat-sa-stylovym-4-izbovym-domovom/JuFlMZ4CWLx/,"2-izbový byt, ktorý má potenciál stať sa štýlovým 4-izbovým domovom", Bratislava-Nové Mesto  Matúškova,599 800 
https://www.reality.sk//byty/elegantny-a-exkluzivny-3-izbovy-apartman/JuRr5oX6Ci3/,Elegantný a Exkluzívny 3-izbový apartmán, Bratislava-Nové Mesto  Matúškova,354 900 
https://www.reality.sk//byty/elegantny-a-priestorovy-2-izbovy-byt-s-terasou-luxusne-byvanie-v-rezidencii-winehills/Ju0m3KAlZQz/,Elegantný a priestorový 2-izbový byt s terasou - Luxusné bývanie v rezidencii WineHills, Bratislava-Nové Mesto  matúškova,249 900 
https://www.reality.sk//byty/sametovy-luxus-v-srdci-bratislavy-exkluzivny-1-izbovy-byt-v-rezidencii-winehils/JuDgGrXmZTd/,Sametový luxus v srdci Bratislavy - Exkluzívny 1-izbový byt v rezidencii WineHils, Bratislava-Nové Mesto  Matúškova,169 900 
https://www.reality.sk//byty/novostavba-2-izb-byt-cilizska-ul-vrakuna/JuibxpRgd8e/,"NOVOSTAVBA  2 izb. byt, Čiližská ul., Vrakuňa", Bratislava-Vrakuňa  Čiližská,138 900 
https://www.reality.sk//byty/na-predaj-krasny-1-izbovy-byt-v-oblubenom-projekte-ceresne/JuEhYsUxWMI/,Na predaj krásny 1 izbový byt v obľúbenom projekte ČEREŠNE, Bratislava-Dúbravka  Polianky,128 500 
https://www.reality.sk//byty/na-predaj-kompletne-zariadeny-2-izbovy-byt-v-eurovea-i/Ju8Et9NPM-t/,Na predaj kompletne zariadený 2 izbový byt v EUROVEA I, Bratislava-Staré Mesto  Pribinova,399 900 
https://www.reality.sk//byty/narcisova-3-i-byt-66-82-m2-balkon-a-loggia-zrekonstruovany-dom-ticha-lokalita/JuHuK7Rpc9z/,"NARCISOVÁ, 3-i byt, 66,82 m2 – BALKÓN a LOGGIA, zrekonštruovaný dom, tichá LOKALITA", Bratislava-Ružinov  Narcisová,184 900 
https://www.reality.sk//byty/repasskeho-3-i-byt-60-32-m2-zrekonstruovany-bytovy-dom-ticha-lokalita-s-kompletnou-vybavenostou-bezpecnostny-system/JuElDFFdytT/,"REPAŠSKÉHO, 3-i byt, 60,32 m2 – ZREKONŠTRUOVANÝ bytový dom, tichá lokalita s kompletnou vybavenosťou, BEZPEČNOSTNÝ SYSTÉM", Bratislava-Dúbravka  Repašského,157 000 
https://www.reality.sk//byty/sputnikova-1-5-i-byt-44-5-m2-kompletna-rekonstrukcia-zelen-obcianska-vybavenost/Ju-kRuwCilC/,"SPUTNIKOVÁ, 1,5-i byt, 44,5 m2 – kompletná REKONŠTRUKCIA, ZELEŇ, občianska VYBAVENOSŤ", Bratislava-Ružinov  Sputniková,177 500 
https://www.reality.sk//byty/narcisova-3-i-byt-66-82-m2-balkon-a-loggia-zrekonstruovany-dom-ticha-lokalita/Ju8wwhtyz6i/,"NARCISOVÁ, 3-i byt, 66,82 m2 – BALKÓN a LOGGIA, zrekonštruovaný dom, tichá LOKALITA", Bratislava-Ružinov  Narcisová,184 900 
https://www.reality.sk//byty/sputnikova-1-5-i-byt-44-5-m2-kompletna-rekonstrukcia-zelen-obcianska-vybavenost/JuK7uU2Mo0E/,"SPUTNIKOVÁ, 1,5-i byt, 44,5 m2 – kompletná REKONŠTRUKCIA, ZELEŇ, občianska VYBAVENOSŤ", Bratislava-Ružinov  Sputniková,177 500 
https://www.reality.sk//byty/bratislava-iv-4-i-byt-79-8-m2-zrekonstruovany-loggia-pokojna-lokalita/Ju6NRHysftK/,"Bratislava IV, 4-i byt, 79,8 m2 –ZREKONŠTRUOVANÝ, LOGGIA, pokojná lokalita", Bratislava-Lamač ,229 900 
https://www.reality.sk//byty/bazovskeho-3-i-byt-68-5-m2-kompletna-vybavenost-elektricka-loggia/JuF58yfYCGci/,"BAZOVSKÉHO, 3-i byt, 68,5 m2 – kompletná VYBAVENOSŤ, električka, LOGGIA", Bratislava-Dúbravka  Bazovského,166 000 
https://www.reality.sk//byty/galvaniho-1-i-byt-34-26-m2-novostavba-vlastny-kotol-balkon/JuYCMoUHL_9/,"GALVANIHO, 1-i byt, 34,26 m2 - NOVOSTAVBA, vlastný KOTOL, BALKÓN", Bratislava-Ružinov  Galvaniho,139 900 
https://www.reality.sk//byty/rajecka-3-i-byt-65-m2-zrekonstruovany-dom-zasklena-loggia-krasny-vyhlad/JuMsWyfcBu2/,"RAJECKÁ, 3-i byt, 65 m2 – ZREKONŠTRUOVANÝ dom, zasklená LOGGIA, krásny VÝHĽAD", Bratislava-Vrakuňa  Rajecká,143 000 
https://www.reality.sk//byty/sputnikova-1-5-i-byt-44-5-m2-kompletna-rekonstrukcia-zelen-obcianska-vybavenost/JuSn3MFPgFf/,"SPUTNIKOVÁ, 1,5-i byt, 44,5 m2 – kompletná REKONŠTRUKCIA, ZELEŇ, občianska VYBAVENOSŤ", Bratislava-Ružinov  Sputniková,177 500 
https://www.reality.sk//byty/pri-vinohradoch-2-i-byt-62-m2-garaz-klimatizacia-loggia-kompl-obc-vybavenost/Ju9vJXcKBfB/,"PRI VINOHRADOCH, 2-i byt, 62 m2 – GARÁŽ, klimatizácia, LOGGIA, kompl. obč. vybavenosť", Bratislava-Rača  Pri vinohradoch,205 000 
https://www.reality.sk//byty/na-grbe-5-i-byt-155-m2-velkorysa-vymera-krb-ticha-lokalita-vlastny-vchod/Ju6pdaHBPM4/,"NA GRBE, 5-i byt, 155 m2 – VEĽKORYSÁ výmera, KRB, tichá lokalita, VLASTNÝ VCHOD", Bratislava-Devínska Nová Ves  Na grbe,295 000 
https://www.reality.sk//byty/galvaniho-1-i-byt-34-26-m2-novostavba-vlastny-kotol-balkon/Jupld-8n7Qj/,"GALVANIHO, 1-i byt, 34,26 m2 - NOVOSTAVBA, vlastný KOTOL, BALKÓN", Bratislava-Ružinov  Galvaniho,139 900 
https://www.reality.sk//byty/rajecka-3-i-byt-65-m2-zrekonstruovany-dom-zasklena-loggia-krasny-vyhlad/JuUyp6RSoFM/,"RAJECKÁ, 3-i byt, 65 m2 – ZREKONŠTRUOVANÝ dom, zasklená LOGGIA, krásny VÝHĽAD", Bratislava-Podunajské Biskupice  Rajecká,143 000 
https://www.reality.sk//byty/bratislava-iv-4-i-byt-79-8-m2-zrekonstruovany-loggia-pokojna-lokalita/JulrL1Hx3Ev/,"Bratislava IV, 4-i byt, 79,8 m2 –ZREKONŠTRUOVANÝ, LOGGIA, pokojná lokalita", Bratislava-Karlova Ves ,229 900 
https://www.reality.sk//byty/nejedleho-4-i-byt-79-8-m2-zrekonstruovany-loggia-pokojna-lokalita/Juwae8lWDdK/,"NEJEDLÉHO, 4-i byt, 79,8 m2 –ZREKONŠTRUOVANÝ, LOGGIA, pokojná lokalita", Bratislava-Dúbravka  Nejedlého,229 900 
https://www.reality.sk//byty/comfort-living-ponuka-2-izbovy-apartman-v-nuppu/Jutg8OTvJFw/,COMFORT LIVING ponúka - 2 izbový apartmán v NUPPU, Bratislava-Ružinov  Hraničná,199 000 
https://www.reality.sk//byty/pre-bonitneho-klienta-hladame-4-izbovy-byt-v-starom-meste/Ju9tfcpq9ZP/,PRE BONITNÉHO KLIENTA HĽADÁME 4 izbový byt v STAROM MESTE, Bratislava-Staré Mesto ,
https://www.reality.sk//byty/comfort-living-ponuka-jedinecny-byt-v-novostavbe-zwirn/JuJ4rx1Ji0b/,COMFORT LIVING ponúka - Jedinečný byt v novostavbe ZWIRN, Bratislava-Ružinov ,368 900 
https://www.reality.sk//byty/comfort-living-ponuka-zariadeny-2-izbovy-apartman-v-projekte-nuppu/JuD8K5L1MED/,COMFORT LIVING ponúka - ZARIADENÝ 2 izbový apartmán v projekte NUPPU, Bratislava-Ružinov  Hraničná,219 999 
https://www.reality.sk//byty/comfort-living-ponuka-2-izbovy-byt-s-moznostou-prerobenia-na-3-izbovy-v-bytovom-dome-z-roku-1910/JuN4TuNQR73/,COMFORT LIVING ponúka - 2 izbový byt s možnosťou prerobenia na 3 izbový v bytovom dome z roku 1910, Bratislava-Staré Mesto  Ľadová,255 000 
https://www.reality.sk//byty/comfort-living-ponuka-3-izbovy-byt-v-luxusnej-stvrti-bratislavskeho-downtownu/JuDARHl6_KW/,COMFORT LIVING ponúka - 3 izbový byt v LUXUSNEJ ŠTVRTI bratislavského downtownu, Bratislava-Staré Mesto  Chalupkova,
https://www.reality.sk//byty/comfort-living-ponuka-priestranny-3-izbovy-byt-v-starom-meste/Ju-sN3prJ34/,COMFORT LIVING ponúka - Priestranný 3 izbový byt v STAROM MESTE, Bratislava-Staré Mesto  Zochova,
https://www.reality.sk//byty/comfort-living-ponuka-zrekonstruovany-3-izbovy-byt-v-starom-meste/Jul4VcUjw2N/,COMFORT LIVING ponúka - Zrekonštruovaný 3 izbový byt v Starom meste, Bratislava-Staré Mesto  Grösslingova,416 000 
https://www.reality.sk//byty/pokojna-lokalita-dostatok-zelene-3-iz-cabanova-ul-dubravka-ba-iv-215-000/JuanlDfEQX4/,"POKOJNÁ LOKALITA – dostatok zelene: 3 iz., Cabanova ul., Dúbravka, Ba IV., 215 000,- €", Bratislava-Dúbravka  Cabanova,215 000 
https://www.reality.sk//byty/kramare-2-iz-62-5-m2-jahodova-ul-nove-mesto-ba-3-245-000-www-blreality-com/JuQKeSCUTJe/,"KRAMÁRE: 2 iz.; 62,5 m2; Jahodová ul., Nové Mesto, BA 3, 245 000,-€ - www.BLREALITY.COM", Bratislava-Nové Mesto  Jahodová,245 000 
https://www.reality.sk//byty/velky-byt-tehla-krasnany-2-iz-kadnarova-ul-raca-ba-iii-209-000-www-blreality-com/JuhsPidIndd/,"VEĽKÝ BYT - tehla – KRASŇANY: 2 iz., Kadnárova ul., Rača, Ba III., 209 000,-€ - www.BLREALITY.COM", Bratislava-Rača  Kadnárova,209 000 
https://www.reality.sk//byty/krasny-kompletne-zariadeny-atelier-vo-vrakuni-s-rozlohou-43-m2-balkonom-a-priestrannou-pivnicou/Jub8mewjVYZ/,"Krásny, kompletne zariadený ateliér vo Vrakuni s rozlohou 43 m2, balkónom a priestrannou pivnicou", Bratislava-Vrakuňa ,119 900 
https://www.reality.sk//byty/predaj-3-izb-byt-2-loggie-v-ruzinove-rezedova-ul/JuCqODSZdY4/,"Predaj 3 izb. byt + 2 loggie v Ružinove, REZEDOVÁ ul.", Bratislava-Ružinov  Rezedová,249 900 
https://www.reality.sk//byty/predaj-2-izbovy-byt-loggia-hranicna-bratislava-ruzinov/Jupcoo4mX2P/,"Predaj 2 izbový byt + loggia, Hraničná, Bratislava -  Ružinov", Bratislava-Ružinov  Hraničná,198 500 
https://www.reality.sk//byty/predaj-2-izbovy-byt-zwirn-bratislava-nivy-pradiaren-1900/Juao3xDiQ3r/,"Predaj 2 izbový byt ZWIRN , Bratislava – NIVY- PRADIAREŇ 1900", Bratislava-Ružinov  Svätoplukova,316 000 
https://www.reality.sk//byty/predaj-velkorysy-3-izbovy-byt-ulica-liscie-nivy-ba-ii-ruzinov-nivy/JuAYFIKrsgl/,Predaj veľkorysý 3 izbový byt  ulica Líščie Nivy  BA II Ružinov - Nivy, Bratislava-Ružinov  Líščie nivy,310 000 
